idx,order_id,order_date,status,fulfilment,sales_channel,ship_service_level,style,sku,category,size,asin,courier_status,qty,currency,amount,ship_city,ship_state,ship_postal_code,ship_country,promotion_ids,b2b,fulfilled_by,unnamed_22
0,405-8078784-5731545,04-30-22,Cancelled,Merchant,Amazon.in,Standard,SET389,SET389-KR-NP-S,Set,S,B09KXVBD7Z,,0,INR,647.62,MUMBAI,Maharashtra,400081.0,IN,,False,"Easy Ship",
1,171-9198151-1101146,04-30-22,"Shipped - Delivered to Buyer",Merchant,Amazon.in,Standard,JNE3781,JNE3781-KR-XXXL,kurta,3XL,B09K3WFS32,Shipped,1,INR,406.00,BENGALURU,Karnataka,560085.0,IN,"Amazon PLCC Free-Financing Universal Merchant AAT-WNKTBO3K27EJC,Amazon PLCC Free-Financing Universal Merchant AAT-QX3UCCJESKPA2,Amazon PLCC Free-Financing Universal Merchant AAT-5QQ7BIYYQEDN2,Amazon PLCC Free-Financing Universal Merchant AAT-DSJ2QRXXWXVMQ,Amazon PLCC Free-Financing Universal Merchant AAT-CXJHMC2YJUK76,Amazon PLCC Free-Financing Universal Merchant AAT-CC4FAVTYR4X7C,Amazon PLCC Free-Financing Universal Merchant AAT-XXRCW6NZEPZI4,Amazon PLCC Free-Financing Universal Merchant AAT-CXNSLNBROFDW4,Amazon PLCC Free-Financing Universal Merchant AAT-R7GXNZWISTRFA,Amazon PLCC Free-Financing Universal Merchant AAT-WSJLDN3X7KEMO,Amazon PLCC Free-Financing Universal Merchant AAT-VL6FGQVGQVXUS,Amazon PLCC Free-Financing Universal Merchant AAT-EOKPWFWYW7Y6I,Amazon PLCC Free-Financing Universal Merchant AAT-ZYL5UPUNW6T62,Amazon PLCC Free-Financing Universal Merchant AAT-XVPICCHRWDCAI,Amazon PLCC Free-Financing Universal Merchant AAT-ETXQ3XXWMRXBG,Amazon PLCC Free-Financing Universal Merchant AAT-7X3XCTYG64VBE,Amazon PLCC Free-Financing Universal Merchant AAT-7CHGD3WTS3MHM,Amazon PLCC Free-Financing Universal Merchant AAT-26ZDKNME27X42,Amazon PLCC Free-Financing Universal Merchant AAT-4ZF5KN6E4LJK4,Amazon PLCC Free-Financing Universal Merchant AAT-7RCXIKUAX7DDY,Amazon PLCC Free-Financing Universal Merchant AAT-BRSZZ45H6MHAO,Amazon PLCC Free-Financing Universal Merchant AAT-MKLXOOZWQL7GO,Amazon PLCC Free-Financing Universal Merchant AAT-CB7UNXEXGIJTC,Amazon PLCC Free-Financing Universal Merchant #MP-gzasho-1593152694811,Amazon PLCC Free-Financing Universal Merchant AAT-WLBA4GZ52EAH4",False,"Easy Ship",
2,404-0687676-7273146,04-30-22,Shipped,Amazon,Amazon.in,Expedited,JNE3371,JNE3371-KR-XL,kurta,XL,B07WV4JV4D,Shipped,1,INR,329.00,"NAVI MUMBAI",Maharashtra,410210.0,IN,"IN Core Free Shipping 2015/04/08 23-48-5-108",True,,
3,403-9615377-8133951,04-30-22,Cancelled,Merchant,Amazon.in,Standard,J0341,J0341-DR-L,"Western Dress",L,B099NRCT7B,,0,INR,753.33,PUDUCHERRY,Puducherry,605008.0,IN,,False,"Easy Ship",
4,407-1069790-7240320,04-30-22,Shipped,Amazon,Amazon.in,Expedited,JNE3671,JNE3671-TU-XXXL,Top,3XL,B098714BZP,Shipped,1,INR,574.00,CHENNAI,"Tamil Nadu",600073.0,IN,,False,,
5,404-1490984-4578765,04-30-22,Shipped,Amazon,Amazon.in,Expedited,SET264,SET264-KR-NP-XL,Set,XL,B08YN7XDSG,Shipped,1,INR,824.00,GHAZIABAD,"Uttar Pradesh",201102.0,IN,"IN Core Free Shipping 2015/04/08 23-48-5-108",False,,
6,408-5748499-6859555,04-30-22,Shipped,Amazon,Amazon.in,Expedited,J0095,J0095-SET-L,Set,L,B08CMHNWBN,Shipped,1,INR,653.00,CHANDIGARH,Chandigarh,160036.0,IN,"IN Core Free Shipping 2015/04/08 23-48-5-108",False,,
7,406-7807733-3785945,04-30-22,"Shipped - Delivered to Buyer",Merchant,Amazon.in,Standard,JNE3405,JNE3405-KR-S,kurta,S,B081WX4G4Q,Shipped,1,INR,399.00,HYDERABAD,Telangana,500032.0,IN,"Amazon PLCC Free-Financing Universal Merchant AAT-WNKTBO3K27EJC,Amazon PLCC Free-Financing Universal Merchant AAT-QX3UCCJESKPA2,Amazon PLCC Free-Financing Universal Merchant AAT-5QQ7BIYYQEDN2,Amazon PLCC Free-Financing Universal Merchant AAT-DSJ2QRXXWXVMQ,Amazon PLCC Free-Financing Universal Merchant AAT-CXJHMC2YJUK76,Amazon PLCC Free-Financing Universal Merchant AAT-CC4FAVTYR4X7C,Amazon PLCC Free-Financing Universal Merchant AAT-XXRCW6NZEPZI4,Amazon PLCC Free-Financing Universal Merchant AAT-EOKPWFWYW7Y6I,Amazon PLCC Free-Financing Universal Merchant AAT-ZYL5UPUNW6T62,Amazon PLCC Free-Financing Universal Merchant AAT-ETXQ3XXWMRXBG,Amazon PLCC Free-Financing Universal Merchant AAT-7X3XCTYG64VBE,Amazon PLCC Free-Financing Universal Merchant AAT-7CHGD3WTS3MHM,Amazon PLCC Free-Financing Universal Merchant AAT-26ZDKNME27X42,Amazon PLCC Free-Financing Universal Merchant AAT-4ZF5KN6E4LJK4,Amazon PLCC Free-Financing Universal Merchant AAT-7RCXIKUAX7DDY,Amazon PLCC Free-Financing Universal Merchant AAT-BRSZZ45H6MHAO,Amazon PLCC Free-Financing Universal Merchant AAT-MKLXOOZWQL7GO,Amazon PLCC Free-Financing Universal Merchant AAT-CB7UNXEXGIJTC,Amazon PLCC Free-Financing Universal Merchant #MP-gzasho-1593152694811,Amazon PLCC Free-Financing Universal Merchant AAT-WLBA4GZ52EAH4",False,"Easy Ship",
8,407-5443024-5233168,04-30-22,Cancelled,Amazon,Amazon.in,Expedited,SET200,SET200-KR-NP-A-XXXL,Set,3XL,B08L91ZZXN,Cancelled,0,,605.00,HYDERABAD,Telangana,500008.0,IN,"IN Core Free Shipping 2015/04/08 23-48-5-108",False,,
9,402-4393761-0311520,04-30-22,Shipped,Amazon,Amazon.in,Expedited,JNE3461,JNE3461-KR-XXL,kurta,XXL,B08B3XF5MH,Shipped,1,INR,363.00,Chennai,"Tamil Nadu",600041.0,IN,,False,,
10,407-5633625-6970741,04-30-22,Shipped,Amazon,Amazon.in,Expedited,JNE3160,JNE3160-KR-G-S,kurta,S,B07K3YQLF1,Shipped,1,INR,685.00,CHENNAI,"Tamil Nadu",600073.0,IN,,False,,
11,171-4638481-6326716,04-30-22,Shipped,Amazon,Amazon.in,Expedited,JNE3500,JNE3500-KR-XS,kurta,XS,B098117DJ3,Shipped,1,INR,364.00,NOIDA,"Uttar Pradesh",201303.0,IN,,False,,
12,405-5513694-8146768,04-30-22,"Shipped - Delivered to Buyer",Merchant,Amazon.in,Standard,JNE3405,JNE3405-KR-XS,kurta,XS,B081XCMYXJ,Shipped,1,INR,399.00,Amravati.,Maharashtra,444606.0,IN,"Amazon PLCC Free-Financing Universal Merchant AAT-WNKTBO3K27EJC,Amazon PLCC Free-Financing Universal Merchant AAT-QX3UCCJESKPA2,Amazon PLCC Free-Financing Universal Merchant AAT-5QQ7BIYYQEDN2,Amazon PLCC Free-Financing Universal Merchant AAT-DSJ2QRXXWXVMQ,Amazon PLCC Free-Financing Universal Merchant AAT-CXJHMC2YJUK76,Amazon PLCC Free-Financing Universal Merchant AAT-CC4FAVTYR4X7C,Amazon PLCC Free-Financing Universal Merchant AAT-XXRCW6NZEPZI4,Amazon PLCC Free-Financing Universal Merchant AAT-EOKPWFWYW7Y6I,Amazon PLCC Free-Financing Universal Merchant AAT-ETXQ3XXWMRXBG,Amazon PLCC Free-Financing Universal Merchant AAT-7X3XCTYG64VBE,Amazon PLCC Free-Financing Universal Merchant AAT-7CHGD3WTS3MHM,Amazon PLCC Free-Financing Universal Merchant AAT-26ZDKNME27X42,Amazon PLCC Free-Financing Universal Merchant AAT-4ZF5KN6E4LJK4,Amazon PLCC Free-Financing Universal Merchant AAT-7RCXIKUAX7DDY,Amazon PLCC Free-Financing Universal Merchant AAT-BRSZZ45H6MHAO,Amazon PLCC Free-Financing Universal Merchant AAT-MKLXOOZWQL7GO,Amazon PLCC Free-Financing Universal Merchant AAT-CB7UNXEXGIJTC,Amazon PLCC Free-Financing Universal Merchant #MP-gzasho-1593152694811,Amazon PLCC Free-Financing Universal Merchant AAT-WLBA4GZ52EAH4",False,"Easy Ship",
13,408-7955685-3083534,04-30-22,Shipped,Amazon,Amazon.in,Expedited,SET182,SET182-KR-DH-XS,Set,XS,B085HS947T,Shipped,1,INR,657.00,MUMBAI,Maharashtra,400053.0,IN,,False,,
14,408-1298370-1920302,04-30-22,"Shipped - Delivered to Buyer",Merchant,Amazon.in,Standard,J0351,J0351-SET-L,Set,L,B09CSSQY4F,Shipped,1,INR,771.00,MUMBAI,Maharashtra,400053.0,IN,"Amazon PLCC Free-Financing Universal Merchant AAT-WNKTBO3K27EJC,Amazon PLCC Free-Financing Universal Merchant AAT-QX3UCCJESKPA2,Amazon PLCC Free-Financing Universal Merchant AAT-5QQ7BIYYQEDN2,Amazon PLCC Free-Financing Universal Merchant AAT-DSJ2QRXXWXVMQ,Amazon PLCC Free-Financing Universal Merchant AAT-CXJHMC2YJUK76,Amazon PLCC Free-Financing Universal Merchant AAT-SL3Y2YRMAUNFC,Amazon PLCC Free-Financing Universal Merchant AAT-CC4FAVTYR4X7C,Amazon PLCC Free-Financing Universal Merchant AAT-XXRCW6NZEPZI4,Amazon PLCC Free-Financing Universal Merchant AAT-EOKPWFWYW7Y6I,Amazon PLCC Free-Financing Universal Merchant AAT-ZYL5UPUNW6T62,Amazon PLCC Free-Financing Universal Merchant AAT-ETXQ3XXWMRXBG,Amazon PLCC Free-Financing Universal Merchant AAT-7X3XCTYG64VBE,Amazon PLCC Free-Financing Universal Merchant AAT-7CHGD3WTS3MHM,Amazon PLCC Free-Financing Universal Merchant AAT-26ZDKNME27X42,Amazon PLCC Free-Financing Universal Merchant AAT-4ZF5KN6E4LJK4,Amazon PLCC Free-Financing Universal Merchant AAT-7RCXIKUAX7DDY,Amazon PLCC Free-Financing Universal Merchant AAT-TNYBHEAO7HOHO,Amazon PLCC Free-Financing Universal Merchant AAT-BRSZZ45H6MHAO,Amazon PLCC Free-Financing Universal Merchant AAT-MKLXOOZWQL7GO,Amazon PLCC Free-Financing Universal Merchant AAT-CB7UNXEXGIJTC,Amazon PLCC Free-Financing Universal Merchant #MP-gzasho-1593152694811,Amazon PLCC Free-Financing Universal Merchant AAT-WLBA4GZ52EAH4,Amazon PLCC Free-Financing Universal Merchant AAT-QMFZ3M7T5NPDS,Amazon PLCC Free-Financing Universal Merchant #MP-pmilan-1601980554292",False,"Easy Ship",
15,403-4965581-9520319,04-30-22,"Shipped - Delivered to Buyer",Merchant,Amazon.in,Standard,PJNE3368,PJNE3368-KR-6XL,kurta,6XL,B09PY99SVJ,Shipped,1,INR,544.00,GUNTAKAL,"Andhra Pradesh",515801.0,IN,"Amazon PLCC Free-Financing Universal Merchant AAT-WNKTBO3K27EJC,Amazon PLCC Free-Financing Universal Merchant AAT-QX3UCCJESKPA2,Amazon PLCC Free-Financing Universal Merchant AAT-5QQ7BIYYQEDN2,Amazon PLCC Free-Financing Universal Merchant AAT-DSJ2QRXXWXVMQ,Amazon PLCC Free-Financing Universal Merchant AAT-CXJHMC2YJUK76,Amazon PLCC Free-Financing Universal Merchant AAT-SL3Y2YRMAUNFC,Amazon PLCC Free-Financing Universal Merchant AAT-CC4FAVTYR4X7C,Amazon PLCC Free-Financing Universal Merchant AAT-XXRCW6NZEPZI4,Amazon PLCC Free-Financing Universal Merchant AAT-EOKPWFWYW7Y6I,Amazon PLCC Free-Financing Universal Merchant AAT-ZYL5UPUNW6T62,Amazon PLCC Free-Financing Universal Merchant AAT-ETXQ3XXWMRXBG,Amazon PLCC Free-Financing Universal Merchant AAT-7X3XCTYG64VBE,Amazon PLCC Free-Financing Universal Merchant AAT-7CHGD3WTS3MHM,Amazon PLCC Free-Financing Universal Merchant AAT-26ZDKNME27X42,Amazon PLCC Free-Financing Universal Merchant AAT-4ZF5KN6E4LJK4,Amazon PLCC Free-Financing Universal Merchant AAT-7RCXIKUAX7DDY,Amazon PLCC Free-Financing Universal Merchant AAT-BRSZZ45H6MHAO,Amazon PLCC Free-Financing Universal Merchant AAT-MKLXOOZWQL7GO,Amazon PLCC Free-Financing Universal Merchant AAT-CB7UNXEXGIJTC,Amazon PLCC Free-Financing Universal Merchant #MP-gzasho-1593152694811,Amazon PLCC Free-Financing Universal Merchant AAT-WLBA4GZ52EAH4",False,"Easy Ship",
16,406-9379318-6555504,04-30-22,Shipped,Amazon,Amazon.in,Expedited,JNE3721,JNE3721-KR-XXL,kurta,XXL,B099FCT65D,Shipped,1,INR,329.00,JAIPUR,Rajasthan,302020.0,IN,"IN Core Free Shipping 2015/04/08 23-48-5-108",False,,
17,405-9013803-8009918,04-30-22,Shipped,Amazon,Amazon.in,Expedited,JNE3405,JNE3405-KR-XL,kurta,XL,B081WT6GG7,Shipped,1,INR,399.00,"NEW DELHI",Delhi,110074.0,IN,,False,,
18,402-4030358-5835511,04-30-22,"Shipped - Delivered to Buyer",Merchant,Amazon.in,Standard,JNE3697,JNE3697-KR-XXL,kurta,XXL,B098133PV5,Shipped,1,INR,458.00,Gurgaon,Haryana,122004.0,IN,"Amazon PLCC Free-Financing Universal Merchant AAT-WNKTBO3K27EJC,Amazon PLCC Free-Financing Universal Merchant AAT-QX3UCCJESKPA2,Amazon PLCC Free-Financing Universal Merchant AAT-5QQ7BIYYQEDN2,Amazon PLCC Free-Financing Universal Merchant AAT-DSJ2QRXXWXVMQ,Amazon PLCC Free-Financing Universal Merchant AAT-CXJHMC2YJUK76,Amazon PLCC Free-Financing Universal Merchant AAT-SL3Y2YRMAUNFC,Amazon PLCC Free-Financing Universal Merchant AAT-CC4FAVTYR4X7C,Amazon PLCC Free-Financing Universal Merchant AAT-XXRCW6NZEPZI4,Amazon PLCC Free-Financing Universal Merchant AAT-EOKPWFWYW7Y6I,Amazon PLCC Free-Financing Universal Merchant AAT-ZYL5UPUNW6T62,Amazon PLCC Free-Financing Universal Merchant AAT-ETXQ3XXWMRXBG,Amazon PLCC Free-Financing Universal Merchant AAT-7X3XCTYG64VBE,Amazon PLCC Free-Financing Universal Merchant AAT-7CHGD3WTS3MHM,Amazon PLCC Free-Financing Universal Merchant AAT-26ZDKNME27X42,Amazon PLCC Free-Financing Universal Merchant AAT-4ZF5KN6E4LJK4,Amazon PLCC Free-Financing Universal Merchant AAT-7RCXIKUAX7DDY,Amazon PLCC Free-Financing Universal Merchant AAT-BRSZZ45H6MHAO,Amazon PLCC Free-Financing Universal Merchant AAT-MKLXOOZWQL7GO,Amazon PLCC Free-Financing Universal Merchant AAT-CB7UNXEXGIJTC,Amazon PLCC Free-Financing Universal Merchant #MP-gzasho-1593152694811,Amazon PLCC Free-Financing Universal Merchant AAT-WLBA4GZ52EAH4,Amazon PLCC Free-Financing Universal Merchant #MP-pmilan-1601980554292",False,"Easy Ship",
19,405-5957858-1051546,04-30-22,Shipped,Amazon,Amazon.in,Expedited,SET254,SET254-KR-NP-XS,Set,XS,B0983DDPL6,Shipped,1,INR,886.00,BENGALURU,Karnataka,560017.0,IN,,False,,
20,405-0607769-0716360,04-30-22,Shipped,Amazon,Amazon.in,Expedited,JNE3795,JNE3795-KR-XXXL,kurta,3XL,B09HMXJVFS,Shipped,1,INR,517.00,TIRUCHIRAPPALLI,"Tamil Nadu",620018.0,IN,"IN Core Free Shipping 2015/04/08 23-48-5-108",False,,
21,404-8494550-5860325,04-30-22,Shipped,Amazon,Amazon.in,Expedited,SET345,SET345-KR-NP-M,Set,M,B09KXV4BN8,Shipped,1,INR,666.00,BENGALURU,Karnataka,560040.0,IN,"IN Core Free Shipping 2015/04/08 23-48-5-108",False,,
22,171-1305077-2813934,04-30-22,Shipped,Amazon,Amazon.in,Expedited,JNE3373,JNE3373-KR-L,kurta,L,B082W7GVH7,Shipped,1,INR,376.00,HYDERABAD,Telangana,500072.0,IN,,False,,
23,404-6019946-2909948,04-30-22,Cancelled,Merchant,Amazon.in,Standard,SET291,SET291-KR-PP-M,Set,M,B099NK55YG,,0,INR,570.48,pune,Maharashtra,411044.0,IN,,False,"Easy Ship",
24,402-3384087-4005164,04-30-22,Shipped,Amazon,Amazon.in,Expedited,MEN5002,MEN5002-KR-L,kurta,L,B08YYYDN9R,Shipped,1,INR,499.00,TEZPUR,Assam,784001.0,IN,"IN Core Free Shipping 2015/04/08 23-48-5-108",False,,
25,405-8191138-5176316,04-30-22,"Shipped - Delivered to Buyer",Merchant,Amazon.in,Standard,NW030,NW030-TP-PJ-XS,Set,XS,B09G2RQSRZ,Shipped,1,INR,582.00,RANCHI,Jharkhand,834002.0,IN,"Amazon PLCC Free-Financing Universal Merchant AAT-WNKTBO3K27EJC,Amazon PLCC Free-Financing Universal Merchant AAT-QX3UCCJESKPA2,Amazon PLCC Free-Financing Universal Merchant AAT-5QQ7BIYYQEDN2,Amazon PLCC Free-Financing Universal Merchant AAT-DSJ2QRXXWXVMQ,Amazon PLCC Free-Financing Universal Merchant AAT-CXJHMC2YJUK76,Amazon PLCC Free-Financing Universal Merchant AAT-SL3Y2YRMAUNFC,Amazon PLCC Free-Financing Universal Merchant AAT-CC4FAVTYR4X7C,Amazon PLCC Free-Financing Universal Merchant AAT-XXRCW6NZEPZI4,Amazon PLCC Free-Financing Universal Merchant AAT-WSJLDN3X7KEMO,Amazon PLCC Free-Financing Universal Merchant AAT-VL6FGQVGQVXUS,Amazon PLCC Free-Financing Universal Merchant AAT-EOKPWFWYW7Y6I,Amazon PLCC Free-Financing Universal Merchant AAT-ZYL5UPUNW6T62,Amazon PLCC Free-Financing Universal Merchant AAT-XVPICCHRWDCAI,Amazon PLCC Free-Financing Universal Merchant AAT-ETXQ3XXWMRXBG,Amazon PLCC Free-Financing Universal Merchant AAT-7X3XCTYG64VBE,Amazon PLCC Free-Financing Universal Merchant AAT-7CHGD3WTS3MHM,Amazon PLCC Free-Financing Universal Merchant AAT-26ZDKNME27X42,Amazon PLCC Free-Financing Universal Merchant AAT-4ZF5KN6E4LJK4,Amazon PLCC Free-Financing Universal Merchant AAT-7RCXIKUAX7DDY,Amazon PLCC Free-Financing Universal Merchant AAT-BRSZZ45H6MHAO,Amazon PLCC Free-Financing Universal Merchant AAT-MKLXOOZWQL7GO,Amazon PLCC Free-Financing Universal Merchant AAT-CB7UNXEXGIJTC,Amazon PLCC Free-Financing Universal Merchant #MP-gzasho-1593152694811,Amazon PLCC Free-Financing Universal Merchant AAT-WLBA4GZ52EAH4",False,"Easy Ship",
26,403-9230474-9657916,04-30-22,"Shipped - Delivered to Buyer",Merchant,Amazon.in,Standard,JNE3415,JNE3415-KR-XXXL,kurta,3XL,B082W8JXJ9,Shipped,1,INR,299.00,BILASPUR,Chhattisgarh,495001.0,IN,"Amazon PLCC Free-Financing Universal Merchant AAT-WNKTBO3K27EJC,Amazon PLCC Free-Financing Universal Merchant AAT-QX3UCCJESKPA2,Amazon PLCC Free-Financing Universal Merchant AAT-5QQ7BIYYQEDN2,Amazon PLCC Free-Financing Universal Merchant AAT-DSJ2QRXXWXVMQ,Amazon PLCC Free-Financing Universal Merchant AAT-CXJHMC2YJUK76,Amazon PLCC Free-Financing Universal Merchant AAT-CC4FAVTYR4X7C,Amazon PLCC Free-Financing Universal Merchant AAT-XXRCW6NZEPZI4,Amazon PLCC Free-Financing Universal Merchant AAT-EOKPWFWYW7Y6I,Amazon PLCC Free-Financing Universal Merchant AAT-ETXQ3XXWMRXBG,Amazon PLCC Free-Financing Universal Merchant AAT-7X3XCTYG64VBE,Amazon PLCC Free-Financing Universal Merchant AAT-7CHGD3WTS3MHM,Amazon PLCC Free-Financing Universal Merchant AAT-26ZDKNME27X42,Amazon PLCC Free-Financing Universal Merchant AAT-4ZF5KN6E4LJK4,Amazon PLCC Free-Financing Universal Merchant AAT-7RCXIKUAX7DDY,Amazon PLCC Free-Financing Universal Merchant AAT-BRSZZ45H6MHAO,Amazon PLCC Free-Financing Universal Merchant AAT-MKLXOOZWQL7GO,Amazon PLCC Free-Financing Universal Merchant AAT-CB7UNXEXGIJTC,Amazon PLCC Free-Financing Universal Merchant #MP-gzasho-1593152694811,Amazon PLCC Free-Financing Universal Merchant AAT-WLBA4GZ52EAH4",False,"Easy Ship",
27,408-3484251-6901959,04-30-22,Shipped,Amazon,Amazon.in,Expedited,PJNE2199,PJNE2199-KR-N-4XL,kurta,4XL,B09LD2W9XL,Shipped,1,INR,459.00,PUNE,Maharashtra,411052.0,IN,,False,,
28,405-7755803-4729935,04-30-22,Shipped,Amazon,Amazon.in,Expedited,JNE3567,JNE3567-KR-M,kurta,M,B08KRXV1QR,Shipped,1,INR,399.00,BENGALURU,Karnataka,560037.0,IN,"IN Core Free Shipping 2015/04/08 23-48-5-108",False,,
29,404-5933402-8801952,04-30-22,Cancelled,Merchant,Amazon.in,Standard,JNE2132,JNE2132-KR-398-XXXL,kurta,3XL,B07JG3CND8,,0,,605.00,GUWAHATI,Assam,781003.0,IN,,False,"Easy Ship",
30,171-9040274-9291563,04-30-22,Shipped,Amazon,Amazon.in,Expedited,J0341,J0341-DR-S,"Western Dress",S,B099NR7612,Shipped,1,INR,791.00,THIRUVARUR,"Tamil Nadu",613704.0,IN,"IN Core Free Shipping 2015/04/08 23-48-5-108",False,,
31,403-7056319-0979561,04-30-22,Shipped,Amazon,Amazon.in,Expedited,MEN5009,MEN5009-KR-XL,kurta,XL,B08YYTCPYX,Shipped,1,INR,499.00,LUCKNOW,"Uttar Pradesh",226010.0,IN,"IN Core Free Shipping 2015/04/08 23-48-5-108",False,,
32,404-9632124-1107550,04-30-22,"Shipped - Delivered to Buyer",Merchant,Amazon.in,Standard,J0011,J0011-LCD-M,Set,M,B08B3YNJG5,Shipped,1,INR,1233.00,VISAKHAPATNAM,"Andhra Pradesh",530016.0,IN,"Amazon PLCC Free-Financing Universal Merchant AAT-WNKTBO3K27EJC,Amazon PLCC Free-Financing Universal Merchant AAT-QX3UCCJESKPA2,Amazon PLCC Free-Financing Universal Merchant AAT-5QQ7BIYYQEDN2,Amazon PLCC Free-Financing Universal Merchant AAT-DSJ2QRXXWXVMQ,Amazon PLCC Free-Financing Universal Merchant AAT-CXJHMC2YJUK76,Amazon PLCC Free-Financing Universal Merchant AAT-SL3Y2YRMAUNFC,Amazon PLCC Free-Financing Universal Merchant AAT-CC4FAVTYR4X7C,Amazon PLCC Free-Financing Universal Merchant AAT-XXRCW6NZEPZI4,Amazon PLCC Free-Financing Universal Merchant AAT-WSJLDN3X7KEMO,Amazon PLCC Free-Financing Universal Merchant AAT-VL6FGQVGQVXUS,Amazon PLCC Free-Financing Universal Merchant AAT-EOKPWFWYW7Y6I,Amazon PLCC Free-Financing Universal Merchant AAT-ZYL5UPUNW6T62,Amazon PLCC Free-Financing Universal Merchant AAT-XVPICCHRWDCAI,Amazon PLCC Free-Financing Universal Merchant AAT-ETXQ3XXWMRXBG,Amazon PLCC Free-Financing Universal Merchant AAT-7X3XCTYG64VBE,Amazon PLCC Free-Financing Universal Merchant AAT-7CHGD3WTS3MHM,Amazon PLCC Free-Financing Universal Merchant AAT-26ZDKNME27X42,Amazon PLCC Free-Financing Universal Merchant AAT-4ZF5KN6E4LJK4,Amazon PLCC Free-Financing Universal Merchant AAT-7RCXIKUAX7DDY,Amazon PLCC Free-Financing Universal Merchant AAT-BRSZZ45H6MHAO,Amazon PLCC Free-Financing Universal Merchant AAT-MKLXOOZWQL7GO,Amazon PLCC Free-Financing Universal Merchant AAT-CB7UNXEXGIJTC,Amazon PLCC Free-Financing Universal Merchant #MP-gzasho-1593152694811,Amazon PLCC Free-Financing Universal Merchant AAT-WLBA4GZ52EAH4",False,"Easy Ship",
33,402-1465437-0579556,04-30-22,"Shipped - Delivered to Buyer",Merchant,Amazon.in,Standard,JNE3766,JNE3766-KR-M,kurta,M,B09K3XR43V,Shipped,1,INR,517.00,JEYPUR,Odisha,764001.0,IN,"Amazon PLCC Free-Financing Universal Merchant AAT-WNKTBO3K27EJC,Amazon PLCC Free-Financing Universal Merchant AAT-QX3UCCJESKPA2,Amazon PLCC Free-Financing Universal Merchant AAT-5QQ7BIYYQEDN2,Amazon PLCC Free-Financing Universal Merchant AAT-DSJ2QRXXWXVMQ,Amazon PLCC Free-Financing Universal Merchant AAT-CXJHMC2YJUK76,Amazon PLCC Free-Financing Universal Merchant AAT-CC4FAVTYR4X7C,Amazon PLCC Free-Financing Universal Merchant AAT-XXRCW6NZEPZI4,Amazon PLCC Free-Financing Universal Merchant AAT-EOKPWFWYW7Y6I,Amazon PLCC Free-Financing Universal Merchant AAT-ZYL5UPUNW6T62,Amazon PLCC Free-Financing Universal Merchant AAT-ETXQ3XXWMRXBG,Amazon PLCC Free-Financing Universal Merchant AAT-7X3XCTYG64VBE,Amazon PLCC Free-Financing Universal Merchant AAT-7CHGD3WTS3MHM,Amazon PLCC Free-Financing Universal Merchant AAT-26ZDKNME27X42,Amazon PLCC Free-Financing Universal Merchant AAT-4ZF5KN6E4LJK4,Amazon PLCC Free-Financing Universal Merchant AAT-7RCXIKUAX7DDY,Amazon PLCC Free-Financing Universal Merchant AAT-BRSZZ45H6MHAO,Amazon PLCC Free-Financing Universal Merchant AAT-MKLXOOZWQL7GO,Amazon PLCC Free-Financing Universal Merchant AAT-CB7UNXEXGIJTC,Amazon PLCC Free-Financing Universal Merchant #MP-gzasho-1593152694811,Amazon PLCC Free-Financing Universal Merchant AAT-WLBA4GZ52EAH4",False,"Easy Ship",
34,404-7774085-3780319,04-30-22,Shipped,Amazon,Amazon.in,Expedited,JNE3373,JNE3373-KR-XL,kurta,XL,B082W8BXW1,Shipped,1,INR,376.00,HYDERABAD,Telangana,500028.0,IN,,False,,
35,402-2764952-1492318,04-30-22,"Shipped - Delivered to Buyer",Merchant,Amazon.in,Standard,MEN5001,MEN5001-KR-XL,kurta,XL,B08YYRH2Q6,Shipped,1,INR,499.00,LUCKNOW,"Uttar Pradesh",226016.0,IN,"Amazon PLCC Free-Financing Universal Merchant AAT-WNKTBO3K27EJC,Amazon PLCC Free-Financing Universal Merchant AAT-QX3UCCJESKPA2,Amazon PLCC Free-Financing Universal Merchant AAT-5QQ7BIYYQEDN2,Amazon PLCC Free-Financing Universal Merchant AAT-DSJ2QRXXWXVMQ,Amazon PLCC Free-Financing Universal Merchant AAT-CXJHMC2YJUK76,Amazon PLCC Free-Financing Universal Merchant AAT-SL3Y2YRMAUNFC,Amazon PLCC Free-Financing Universal Merchant AAT-CC4FAVTYR4X7C,Amazon PLCC Free-Financing Universal Merchant AAT-XXRCW6NZEPZI4,Amazon PLCC Free-Financing Universal Merchant AAT-EOKPWFWYW7Y6I,Amazon PLCC Free-Financing Universal Merchant AAT-ZYL5UPUNW6T62,Amazon PLCC Free-Financing Universal Merchant AAT-ETXQ3XXWMRXBG,Amazon PLCC Free-Financing Universal Merchant AAT-7X3XCTYG64VBE,Amazon PLCC Free-Financing Universal Merchant AAT-7CHGD3WTS3MHM,Amazon PLCC Free-Financing Universal Merchant AAT-26ZDKNME27X42,Amazon PLCC Free-Financing Universal Merchant AAT-4ZF5KN6E4LJK4,Amazon PLCC Free-Financing Universal Merchant AAT-7RCXIKUAX7DDY,Amazon PLCC Free-Financing Universal Merchant AAT-TNYBHEAO7HOHO,Amazon PLCC Free-Financing Universal Merchant AAT-BRSZZ45H6MHAO,Amazon PLCC Free-Financing Universal Merchant AAT-MKLXOOZWQL7GO,Amazon PLCC Free-Financing Universal Merchant AAT-CB7UNXEXGIJTC,Amazon PLCC Free-Financing Universal Merchant #MP-gzasho-1593152694811,Amazon PLCC Free-Financing Universal Merchant AAT-WLBA4GZ52EAH4,Amazon PLCC Free-Financing Universal Merchant AAT-QMFZ3M7T5NPDS,Amazon PLCC Free-Financing Universal Merchant #MP-pmilan-1601980554292",False,"Easy Ship",
36,406-0272200-7784379,04-30-22,Shipped,Amazon,Amazon.in,Expedited,SET345,SET345-KR-NP-L,Set,L,B09KXT4VG7,Shipped,1,INR,666.00,CHENNAI,"Tamil Nadu",600033.0,IN,"IN Core Free Shipping 2015/04/08 23-48-5-108",False,,
37,403-4367956-2849158,04-30-22,Shipped,Amazon,Amazon.in,Expedited,JNE3787,JNE3787-KR-S,kurta,S,B09RKBXM5B,Shipped,1,INR,487.00,"NEW DELHI",Delhi,110092.0,IN,"IN Core Free Shipping 2015/04/08 23-48-5-108",False,,
38,403-4367956-2849158,04-30-22,Shipped,Amazon,Amazon.in,Expedited,JNE3543,JNE3543-KR-S,kurta,S,B08HHJP41L,Shipped,1,INR,368.00,"NEW DELHI",Delhi,110092.0,IN,"IN Core Free Shipping 2015/04/08 23-48-5-108",False,,
39,403-4242957-8599555,04-30-22,Shipped,Amazon,Amazon.in,Expedited,JNE3405,JNE3405-KR-L,kurta,L,B081WSCKPQ,Shipped,1,INR,399.00,THIRUVANANTHAPURAM,Kerala,695011.0,IN,,False,,
40,408-7165704-5643524,04-30-22,Shipped,Amazon,Amazon.in,Expedited,J0211,J0211-DR-XXL,"Ethnic Dress",XXL,B09831VWD9,Shipped,1,INR,699.00,"GREATER NOIDA","Uttar Pradesh",201306.0,IN,"IN Core Free Shipping 2015/04/08 23-48-5-108",False,,
41,402-8210765-3935569,04-30-22,Shipped,Amazon,Amazon.in,Expedited,J0401,J0401-DR-XXXL,"Western Dress",3XL,B09SDXZBGX,Shipped,1,INR,885.00,JABALPUR,"Madhya Pradesh",482002.0,IN,"IN Core Free Shipping 2015/04/08 23-48-5-108",False,,
42,406-7398201-3869914,04-30-22,"Shipped - Delivered to Buyer",Merchant,Amazon.in,Standard,JNE2153,JNE2153-KR-278-A-M,kurta,M,B0794YR85H,Shipped,1,INR,424.00,MUMBAI,Maharashtra,400092.0,IN,"Amazon PLCC Free-Financing Universal Merchant AAT-WNKTBO3K27EJC,Amazon PLCC Free-Financing Universal Merchant AAT-QX3UCCJESKPA2,Amazon PLCC Free-Financing Universal Merchant AAT-5QQ7BIYYQEDN2,Amazon PLCC Free-Financing Universal Merchant AAT-DSJ2QRXXWXVMQ,Amazon PLCC Free-Financing Universal Merchant AAT-CXJHMC2YJUK76,Amazon PLCC Free-Financing Universal Merchant AAT-CC4FAVTYR4X7C,Amazon PLCC Free-Financing Universal Merchant AAT-XXRCW6NZEPZI4,Amazon PLCC Free-Financing Universal Merchant AAT-EOKPWFWYW7Y6I,Amazon PLCC Free-Financing Universal Merchant AAT-ETXQ3XXWMRXBG,Amazon PLCC Free-Financing Universal Merchant AAT-7X3XCTYG64VBE,Amazon PLCC Free-Financing Universal Merchant AAT-7CHGD3WTS3MHM,Amazon PLCC Free-Financing Universal Merchant AAT-26ZDKNME27X42,Amazon PLCC Free-Financing Universal Merchant AAT-4ZF5KN6E4LJK4,Amazon PLCC Free-Financing Universal Merchant AAT-7RCXIKUAX7DDY,Amazon PLCC Free-Financing Universal Merchant AAT-BRSZZ45H6MHAO,Amazon PLCC Free-Financing Universal Merchant AAT-MKLXOOZWQL7GO,Amazon PLCC Free-Financing Universal Merchant AAT-CB7UNXEXGIJTC,Amazon PLCC Free-Financing Universal Merchant #MP-gzasho-1593152694811,Amazon PLCC Free-Financing Universal Merchant AAT-WLBA4GZ52EAH4",False,"Easy Ship",
43,408-3478480-0881162,04-30-22,Shipped,Amazon,Amazon.in,Expedited,SET360,SET360-KR-NP-M,Set,M,B09QJM1D7F,Shipped,1,INR,1126.00,LUCKNOW,"Uttar Pradesh",226017.0,IN,"IN Core Free Shipping 2015/04/08 23-48-5-108",False,,
44,402-7595162-9129931,04-30-22,Shipped,Amazon,Amazon.in,Expedited,SET268,SET268-KR-NP-L,Set,L,B08XQ8MCKP,Shipped,1,INR,788.00,MUMBAI,Maharashtra,400076.0,IN,,False,,
45,171-6876154-6233146,04-30-22,Shipped,Amazon,Amazon.in,Expedited,SET183,SET183-KR-DH-S,Set,S,B08B3Z38TJ,Shipped,1,INR,759.00,KOLKATA,"West Bengal",700014.0,IN,"IN Core Free Shipping 2015/04/08 23-48-5-108",False,,
46,408-3917043-5314763,04-30-22,Shipped,Amazon,Amazon.in,Expedited,J0230,J0230-SKD-L,Set,L,B08XNDL1DL,Shipped,1,INR,1146.00,ONGOLE,"Andhra Pradesh",523001.0,IN,,False,,
47,408-9281152-6213100,04-30-22,Shipped,Amazon,Amazon.in,Expedited,JNE3744,JNE3744-TU-S,Top,S,B0986ZHR9D,Shipped,1,INR,665.00,SECUNDERABAD,Telangana,500017.0,IN,"IN Core Free Shipping 2015/04/08 23-48-5-108",False,,
48,403-3496411-3082707,04-30-22,Shipped,Amazon,Amazon.in,Expedited,JNE3510,JNE3510-KR-S,kurta,S,B08WPTJBBD,Shipped,1,INR,429.00,HYDERABAD,Telangana,500062.0,IN,"IN Core Free Shipping 2015/04/08 23-48-5-108",False,,
49,171-9208368-0157156,04-30-22,"Shipped - Delivered to Buyer",Merchant,Amazon.in,Standard,JNE3405,JNE3405-KR-M,kurta,M,B081WVMMCY,Shipped,1,INR,399.00,KEWALPUR,"Uttar Pradesh",271881.0,IN,"Amazon PLCC Free-Financing Universal Merchant AAT-WNKTBO3K27EJC,Amazon PLCC Free-Financing Universal Merchant AAT-QX3UCCJESKPA2,Amazon PLCC Free-Financing Universal Merchant AAT-5QQ7BIYYQEDN2,Amazon PLCC Free-Financing Universal Merchant AAT-DSJ2QRXXWXVMQ,Amazon PLCC Free-Financing Universal Merchant AAT-CXJHMC2YJUK76,Amazon PLCC Free-Financing Universal Merchant AAT-CC4FAVTYR4X7C,Amazon PLCC Free-Financing Universal Merchant AAT-XXRCW6NZEPZI4,Amazon PLCC Free-Financing Universal Merchant AAT-EOKPWFWYW7Y6I,Amazon PLCC Free-Financing Universal Merchant AAT-ZYL5UPUNW6T62,Amazon PLCC Free-Financing Universal Merchant AAT-ETXQ3XXWMRXBG,Amazon PLCC Free-Financing Universal Merchant AAT-7X3XCTYG64VBE,Amazon PLCC Free-Financing Universal Merchant AAT-7CHGD3WTS3MHM,Amazon PLCC Free-Financing Universal Merchant AAT-26ZDKNME27X42,Amazon PLCC Free-Financing Universal Merchant AAT-4ZF5KN6E4LJK4,Amazon PLCC Free-Financing Universal Merchant AAT-7RCXIKUAX7DDY,Amazon PLCC Free-Financing Universal Merchant AAT-TNYBHEAO7HOHO,Amazon PLCC Free-Financing Universal Merchant AAT-BRSZZ45H6MHAO,Amazon PLCC Free-Financing Universal Merchant AAT-MKLXOOZWQL7GO,Amazon PLCC Free-Financing Universal Merchant AAT-CB7UNXEXGIJTC,Amazon PLCC Free-Financing Universal Merchant #MP-gzasho-1593152694811,Amazon PLCC Free-Financing Universal Merchant AAT-WLBA4GZ52EAH4,Amazon PLCC Free-Financing Universal Merchant AAT-QMFZ3M7T5NPDS,Amazon PLCC Free-Financing Universal Merchant #MP-pmilan-1601980554292",False,"Easy Ship",
50,408-2137113-0982751,04-30-22,Shipped,Amazon,Amazon.in,Expedited,J0186,J0186-SET-S,Set,S,B091Z81MLX,Shipped,1,INR,848.00,CUTTACK,Odisha,753012.0,IN,"IN Core Free Shipping 2015/04/08 23-48-5-108",False,,
51,402-3628566-9688333,04-30-22,Shipped,Amazon,Amazon.in,Expedited,J0003,J0003-SET-M,Set,M,B0894XH3LN,Shipped,1,INR,654.00,BADLAPUR,Maharashtra,421503.0,IN,"IN Core Free Shipping 2015/04/08 23-48-5-108",False,,
52,408-7138000-9728362,04-30-22,Shipped,Amazon,Amazon.in,Expedited,SET282,SET282-KR-PP-M,Set,M,B09CTCDDQ4,Shipped,1,INR,1033.00,dimapur,Nagaland,797112.0,IN,"IN Core Free Shipping 2015/04/08 23-48-5-108",False,,
53,402-1752649-2274748,04-30-22,Shipped,Amazon,Amazon.in,Expedited,JNE1407,JNE1407-BLACK-KR-UDF18-XL,kurta,XL,B01M4IAS51,Shipped,1,INR,390.00,BENGALURU,Karnataka,560047.0,IN,,False,,
54,402-7944191-1869101,04-30-22,Shipped,Amazon,Amazon.in,Expedited,J0301,J0301-TP-L,Top,L,B099S6795L,Shipped,1,INR,493.00,BENGALURU,Karnataka,560076.0,IN,"IN Core Free Shipping 2015/04/08 23-48-5-108",False,,
55,407-4063876-9566742,04-30-22,Shipped,Amazon,Amazon.in,Expedited,JNE3869,JNE3869-DR-S,"Western Dress",S,B09RK67Y51,Shipped,1,INR,721.00,WARANGAL,Telangana,506001.0,IN,"IN Core Free Shipping 2015/04/08 23-48-5-108",False,,
56,403-0752752-4656334,04-30-22,Shipped,Amazon,Amazon.in,Expedited,SET324,SET324-KR-NP-XS,Set,XS,B09NQ4DD29,Shipped,1,INR,597.00,DHAULPUR,Rajasthan,328024.0,IN,"IN Core Free Shipping 2015/04/08 23-48-5-108",False,,
57,406-8879861-2081117,04-30-22,Shipped,Amazon,Amazon.in,Expedited,JNE3405,JNE3405-KR-L,kurta,L,B081WSCKPQ,Shipped,1,INR,399.00,GUWAHATI,Assam,781029.0,IN,,False,,
58,406-8089333-7941903,04-30-22,Shipped,Amazon,Amazon.in,Expedited,SET279,SET279-LC-S,Set,S,B09CT6L67S,Shipped,1,INR,888.00,Bengaluru,Karnataka,560103.0,IN,"IN Core Free Shipping 2015/04/08 23-48-5-108",False,,
59,171-3072652-6805159,04-30-22,Shipped,Amazon,Amazon.in,Expedited,JNE2014,JNE2014-KR-178-XXL,kurta,XXL,B077MF72BK,Shipped,1,INR,353.00,HYDERABAD,Telangana,500072.0,IN,"IN Core Free Shipping 2015/04/08 23-48-5-108",False,,
60,171-2592464-6846743,04-30-22,"Shipped - Delivered to Buyer",Merchant,Amazon.in,Standard,NW005,NW005-ST-PJ-XL,Set,XL,B0922WJ27J,Shipped,1,INR,599.00,BENGALURU,Karnataka,560023.0,IN,"Amazon PLCC Free-Financing Universal Merchant AAT-WNKTBO3K27EJC,Amazon PLCC Free-Financing Universal Merchant AAT-QX3UCCJESKPA2,Amazon PLCC Free-Financing Universal Merchant AAT-5QQ7BIYYQEDN2,Amazon PLCC Free-Financing Universal Merchant AAT-DSJ2QRXXWXVMQ,Amazon PLCC Free-Financing Universal Merchant AAT-CXJHMC2YJUK76,Amazon PLCC Free-Financing Universal Merchant AAT-CC4FAVTYR4X7C,Amazon PLCC Free-Financing Universal Merchant AAT-XXRCW6NZEPZI4,Amazon PLCC Free-Financing Universal Merchant AAT-EOKPWFWYW7Y6I,Amazon PLCC Free-Financing Universal Merchant AAT-ZYL5UPUNW6T62,Amazon PLCC Free-Financing Universal Merchant AAT-ETXQ3XXWMRXBG,Amazon PLCC Free-Financing Universal Merchant AAT-7X3XCTYG64VBE,Amazon PLCC Free-Financing Universal Merchant AAT-7CHGD3WTS3MHM,Amazon PLCC Free-Financing Universal Merchant AAT-26ZDKNME27X42,Amazon PLCC Free-Financing Universal Merchant AAT-4ZF5KN6E4LJK4,Amazon PLCC Free-Financing Universal Merchant AAT-7RCXIKUAX7DDY,Amazon PLCC Free-Financing Universal Merchant AAT-BRSZZ45H6MHAO,Amazon PLCC Free-Financing Universal Merchant AAT-MKLXOOZWQL7GO,Amazon PLCC Free-Financing Universal Merchant AAT-CB7UNXEXGIJTC,Amazon PLCC Free-Financing Universal Merchant #MP-gzasho-1593152694811,Amazon PLCC Free-Financing Universal Merchant AAT-WLBA4GZ52EAH4",False,"Easy Ship",
61,404-2262140-4696366,04-30-22,Shipped,Amazon,Amazon.in,Expedited,JNE2270,JNE2270-KR-487-A-M,kurta,M,B07H7FZD32,Shipped,1,INR,518.00,NAGPUR,Maharashtra,440022.0,IN,"IN Core Free Shipping 2015/04/08 23-48-5-108",False,,
62,404-2262140-4696366,04-30-22,Shipped,Amazon,Amazon.in,Expedited,JNE3579,JNE3579-KR-M,kurta,M,B08QGK2BS2,Shipped,1,INR,295.00,NAGPUR,Maharashtra,440022.0,IN,"IN Core Free Shipping 2015/04/08 23-48-5-108",False,,
63,405-3594372-1614709,04-30-22,Shipped,Amazon,Amazon.in,Expedited,SET347,SET347-KR-NP-XS,Set,XS,B09RKFBMYD,Shipped,1,INR,852.00,"GREATER NOIDA","Uttar Pradesh",201306.0,IN,"IN Core Free Shipping 2015/04/08 23-48-5-108",False,,
64,407-2974257-4781134,04-30-22,Shipped,Amazon,Amazon.in,Expedited,SET264,SET264-KR-NP-M,Set,M,B08YN44FZJ,Shipped,1,INR,824.00,THANE,Maharashtra,400607.0,IN,,False,,
65,171-4137548-0481151,04-30-22,Cancelled,Amazon,Amazon.in,Expedited,JNE3373,JNE3373-KR-XXL,kurta,XXL,B082W8RWN1,Cancelled,0,,605.00,Dahod,Gujarat,389151.0,IN,,False,,
66,405-4461562-9113959,04-30-22,Shipped,Amazon,Amazon.in,Expedited,SET333,SET333-KR-DPT-XXL,Set,XXL,B09RKDZ461,Shipped,1,INR,909.00,RANCHI,Jharkhand,834004.0,IN,"IN Core Free Shipping 2015/04/08 23-48-5-108",False,,
67,404-4535078-5241919,04-30-22,Shipped,Amazon,Amazon.in,Expedited,JNE3645,JNE3645-TP-N-L,Top,L,B08ZHNGS54,Shipped,1,INR,432.00,PUNE,Maharashtra,411014.0,IN,"IN Core Free Shipping 2015/04/08 23-48-5-108",False,,
68,405-8387725-2971512,04-30-22,Shipped,Amazon,Amazon.in,Expedited,SET233,SET233-KR-PP-L,Set,L,B08MXF6MZF,Shipped,1,INR,545.00,BENGALURU,Karnataka,560040.0,IN,"IN Core Free Shipping 2015/04/08 23-48-5-108",False,,
69,405-6480932-8759528,04-30-22,Shipped,Amazon,Amazon.in,Expedited,J0381,J0381-SKD-XXXL,Set,3XL,B09M6VGNX8,Shipped,1,INR,1146.00,VIJAPURA,Karnataka,586201.0,IN,"IN Core Free Shipping 2015/04/08 23-48-5-108",False,,
70,405-9966506-3155561,04-30-22,"Shipped - Delivered to Buyer",Merchant,Amazon.in,Standard,JNE3068,JNE3068-KR-A-XL,kurta,XL,B07H7F97S4,Shipped,1,INR,696.00,CHENNAI,"Tamil Nadu",600041.0,IN,"Amazon PLCC Free-Financing Universal Merchant AAT-WNKTBO3K27EJC,Amazon PLCC Free-Financing Universal Merchant AAT-QX3UCCJESKPA2,Amazon PLCC Free-Financing Universal Merchant AAT-5QQ7BIYYQEDN2,Amazon PLCC Free-Financing Universal Merchant AAT-DSJ2QRXXWXVMQ,Amazon PLCC Free-Financing Universal Merchant AAT-CXJHMC2YJUK76,Amazon PLCC Free-Financing Universal Merchant AAT-SL3Y2YRMAUNFC,Amazon PLCC Free-Financing Universal Merchant AAT-CC4FAVTYR4X7C,Amazon PLCC Free-Financing Universal Merchant AAT-XXRCW6NZEPZI4,Amazon PLCC Free-Financing Universal Merchant AAT-EOKPWFWYW7Y6I,Amazon PLCC Free-Financing Universal Merchant AAT-ZYL5UPUNW6T62,Amazon PLCC Free-Financing Universal Merchant AAT-H56TELQ6BG7EC,Amazon PLCC Free-Financing Universal Merchant AAT-ETXQ3XXWMRXBG,Amazon PLCC Free-Financing Universal Merchant AAT-7X3XCTYG64VBE,Amazon PLCC Free-Financing Universal Merchant AAT-7CHGD3WTS3MHM,Amazon PLCC Free-Financing Universal Merchant AAT-26ZDKNME27X42,Amazon PLCC Free-Financing Universal Merchant AAT-4ZF5KN6E4LJK4,Amazon PLCC Free-Financing Universal Merchant AAT-7RCXIKUAX7DDY,Amazon PLCC Free-Financing Universal Merchant AAT-TNYBHEAO7HOHO,Amazon PLCC Free-Financing Universal Merchant AAT-BRSZZ45H6MHAO,Amazon PLCC Free-Financing Universal Merchant AAT-MKLXOOZWQL7GO,Amazon PLCC Free-Financing Universal Merchant AAT-CB7UNXEXGIJTC,Amazon PLCC Free-Financing Universal Merchant #MP-gzasho-1593152694811,Amazon PLCC Free-Financing Universal Merchant AAT-WLBA4GZ52EAH4,Amazon PLCC Free-Financing Universal Merchant AAT-QMFZ3M7T5NPDS,Amazon PLCC Free-Financing Universal Merchant #MP-pmilan-1601980554292",False,"Easy Ship",
71,408-7029737-8028367,04-30-22,Shipped,Amazon,Amazon.in,Expedited,JNE3718,JNE3718-KR-M,kurta,M,B099FB63Q6,Shipped,1,INR,432.00,MUMBAI,Maharashtra,400080.0,IN,,False,,
72,407-2189901-7515567,04-30-22,"Shipped - Delivered to Buyer",Merchant,Amazon.in,Standard,SET386,SET386-KR-NP-S,Set,S,B09K3YFPSS,Shipped,1,INR,631.00,bangalore,Karnataka,560001.0,IN,"Amazon PLCC Free-Financing Universal Merchant AAT-WNKTBO3K27EJC,Amazon PLCC Free-Financing Universal Merchant AAT-QX3UCCJESKPA2,Amazon PLCC Free-Financing Universal Merchant AAT-5QQ7BIYYQEDN2,Amazon PLCC Free-Financing Universal Merchant AAT-DSJ2QRXXWXVMQ,Amazon PLCC Free-Financing Universal Merchant AAT-CXJHMC2YJUK76,Amazon PLCC Free-Financing Universal Merchant AAT-CC4FAVTYR4X7C,Amazon PLCC Free-Financing Universal Merchant AAT-XXRCW6NZEPZI4,Amazon PLCC Free-Financing Universal Merchant AAT-EOKPWFWYW7Y6I,Amazon PLCC Free-Financing Universal Merchant AAT-ZYL5UPUNW6T62,Amazon PLCC Free-Financing Universal Merchant AAT-ETXQ3XXWMRXBG,Amazon PLCC Free-Financing Universal Merchant AAT-7X3XCTYG64VBE,Amazon PLCC Free-Financing Universal Merchant AAT-7CHGD3WTS3MHM,Amazon PLCC Free-Financing Universal Merchant AAT-26ZDKNME27X42,Amazon PLCC Free-Financing Universal Merchant AAT-4ZF5KN6E4LJK4,Amazon PLCC Free-Financing Universal Merchant AAT-7RCXIKUAX7DDY,Amazon PLCC Free-Financing Universal Merchant AAT-BRSZZ45H6MHAO,Amazon PLCC Free-Financing Universal Merchant AAT-MKLXOOZWQL7GO,Amazon PLCC Free-Financing Universal Merchant AAT-CB7UNXEXGIJTC,Amazon PLCC Free-Financing Universal Merchant #MP-gzasho-1593152694811,Amazon PLCC Free-Financing Universal Merchant AAT-WLBA4GZ52EAH4",False,"Easy Ship",
73,402-2105657-2899562,04-30-22,Shipped,Amazon,Amazon.in,Expedited,JNE3745,JNE3745-KR-XXL,kurta,XXL,B09K3WDYB6,Shipped,1,INR,316.00,BENGALURU,Karnataka,560098.0,IN,,False,,
74,406-1326801-8886709,04-30-22,"Shipped - Delivered to Buyer",Merchant,Amazon.in,Standard,JNE3467,JNE3467-KR-XL,kurta,XL,B08CDQKS84,Shipped,1,INR,362.00,BERHAMPUR,Odisha,760002.0,IN,"Amazon PLCC Free-Financing Universal Merchant AAT-WNKTBO3K27EJC,Amazon PLCC Free-Financing Universal Merchant AAT-QX3UCCJESKPA2,Amazon PLCC Free-Financing Universal Merchant AAT-5QQ7BIYYQEDN2,Amazon PLCC Free-Financing Universal Merchant AAT-DSJ2QRXXWXVMQ,Amazon PLCC Free-Financing Universal Merchant AAT-CXJHMC2YJUK76,Amazon PLCC Free-Financing Universal Merchant AAT-CC4FAVTYR4X7C,Amazon PLCC Free-Financing Universal Merchant AAT-XXRCW6NZEPZI4,Amazon PLCC Free-Financing Universal Merchant AAT-R7GXNZWISTRFA,Amazon PLCC Free-Financing Universal Merchant AAT-WSJLDN3X7KEMO,Amazon PLCC Free-Financing Universal Merchant AAT-VL6FGQVGQVXUS,Amazon PLCC Free-Financing Universal Merchant AAT-EOKPWFWYW7Y6I,Amazon PLCC Free-Financing Universal Merchant AAT-ZYL5UPUNW6T62,Amazon PLCC Free-Financing Universal Merchant AAT-ETXQ3XXWMRXBG,Amazon PLCC Free-Financing Universal Merchant AAT-7X3XCTYG64VBE,Amazon PLCC Free-Financing Universal Merchant AAT-7CHGD3WTS3MHM,Amazon PLCC Free-Financing Universal Merchant AAT-26ZDKNME27X42,Amazon PLCC Free-Financing Universal Merchant AAT-4ZF5KN6E4LJK4,Amazon PLCC Free-Financing Universal Merchant AAT-7RCXIKUAX7DDY,Amazon PLCC Free-Financing Universal Merchant AAT-BRSZZ45H6MHAO,Amazon PLCC Free-Financing Universal Merchant AAT-MKLXOOZWQL7GO,Amazon PLCC Free-Financing Universal Merchant AAT-CB7UNXEXGIJTC,Amazon PLCC Free-Financing Universal Merchant #MP-gzasho-1593152694811,Amazon PLCC Free-Financing Universal Merchant AAT-WLBA4GZ52EAH4",False,"Easy Ship",
75,408-7760667-5809130,04-30-22,Shipped,Amazon,Amazon.in,Expedited,JNE3721,JNE3721-KR-L,kurta,L,B099FBM4FZ,Shipped,1,INR,329.00,HYDERABAD,Telangana,500085.0,IN,"IN Core Free Shipping 2015/04/08 23-48-5-108",False,,
76,405-8457623-9269955,04-30-22,Shipped,Amazon,Amazon.in,Expedited,JNE3405,JNE3405-KR-XXL,kurta,XXL,B081WSL2JS,Shipped,1,INR,399.00,PUNE,Maharashtra,411045.0,IN,,False,,
77,408-6820155-3521913,04-30-22,Shipped,Amazon,Amazon.in,Expedited,SET295,SET295-KR-NP-XXXL,Set,3XL,B09PN3GVMZ,Shipped,1,INR,751.00,TEZPUR,Assam,784001.0,IN,"IN Core Free Shipping 2015/04/08 23-48-5-108",False,,
78,403-6190683-2687538,04-30-22,Shipped,Amazon,Amazon.in,Expedited,JNE3861,JNE3861-DR-XL,"Western Dress",XL,B09SDZ14KR,Shipped,1,INR,791.00,HIMMATNAGAR,Gujarat,383001.0,IN,,False,,
79,408-4069830-3819562,04-30-22,Shipped,Amazon,Amazon.in,Expedited,SET288,SET288-KR-NP-XXXL,Set,3XL,B09M6STTBC,Shipped,1,INR,684.00,Kolkata,"West Bengal",700048.0,IN,"IN Core Free Shipping 2015/04/08 23-48-5-108",False,,
80,408-4069830-3819562,04-30-22,Shipped,Amazon,Amazon.in,Expedited,SET394,SET394-KR-NP-XXXL,Set,3XL,B09TH6R8K4,Shipped,1,INR,1281.00,Kolkata,"West Bengal",700048.0,IN,"IN Core Free Shipping 2015/04/08 23-48-5-108",False,,
81,408-4069830-3819562,04-30-22,Shipped,Amazon,Amazon.in,Expedited,SET397,SET397-KR-NP-XXXL,Set,3XL,B09RKDPH6J,Shipped,1,INR,1186.00,Kolkata,"West Bengal",700048.0,IN,"IN Core Free Shipping 2015/04/08 23-48-5-108",False,,
82,171-7367545-7081126,04-30-22,Shipped,Amazon,Amazon.in,Expedited,MEN5002,MEN5002-KR-XXL,kurta,XXL,B08YZ1HZ7B,Shipped,1,INR,499.00,HYDERABAD,Telangana,502032.0,IN,"IN Core Free Shipping 2015/04/08 23-48-5-108",False,,
83,404-6522553-9345930,04-30-22,Cancelled,Merchant,Amazon.in,Standard,SET377,SET377-KR-NP-M,Set,M,B09TZV23QS,,0,INR,1105.36,DEHRADUN,Uttarakhand,248001.0,IN,,False,"Easy Ship",
84,403-9950518-0349133,04-30-22,Cancelled,Amazon,Amazon.in,Expedited,JNE3510,JNE3510-KR-M,kurta,M,B08WPR5MCB,Cancelled,0,,605.00,HYDERABAD,Telangana,500072.0,IN,,False,,
85,407-6599093-6553153,04-30-22,"Shipped - Delivered to Buyer",Merchant,Amazon.in,Standard,BTM038,BTM038-PP-XXXL,Bottom,3XL,B08KR9JYNQ,Shipped,1,INR,377.00,KOLKATA,"West Bengal",700078.0,IN,"Amazon PLCC Free-Financing Universal Merchant AAT-WNKTBO3K27EJC,Amazon PLCC Free-Financing Universal Merchant AAT-QX3UCCJESKPA2,Amazon PLCC Free-Financing Universal Merchant AAT-5QQ7BIYYQEDN2,Amazon PLCC Free-Financing Universal Merchant AAT-DSJ2QRXXWXVMQ,Amazon PLCC Free-Financing Universal Merchant AAT-CXJHMC2YJUK76,Amazon PLCC Free-Financing Universal Merchant AAT-CC4FAVTYR4X7C,Amazon PLCC Free-Financing Universal Merchant AAT-XXRCW6NZEPZI4,Amazon PLCC Free-Financing Universal Merchant AAT-R7GXNZWISTRFA,Amazon PLCC Free-Financing Universal Merchant AAT-EOKPWFWYW7Y6I,Amazon PLCC Free-Financing Universal Merchant AAT-ETXQ3XXWMRXBG,Amazon PLCC Free-Financing Universal Merchant AAT-7X3XCTYG64VBE,Amazon PLCC Free-Financing Universal Merchant AAT-7CHGD3WTS3MHM,Amazon PLCC Free-Financing Universal Merchant AAT-26ZDKNME27X42,Amazon PLCC Free-Financing Universal Merchant AAT-4ZF5KN6E4LJK4,Amazon PLCC Free-Financing Universal Merchant AAT-7RCXIKUAX7DDY,Amazon PLCC Free-Financing Universal Merchant AAT-BRSZZ45H6MHAO,Amazon PLCC Free-Financing Universal Merchant AAT-MKLXOOZWQL7GO,Amazon PLCC Free-Financing Universal Merchant AAT-CB7UNXEXGIJTC,Amazon PLCC Free-Financing Universal Merchant #MP-gzasho-1593152694811,Amazon PLCC Free-Financing Universal Merchant AAT-WLBA4GZ52EAH4",False,"Easy Ship",
86,403-3763475-2237125,04-30-22,Shipped,Amazon,Amazon.in,Expedited,J0343,J0343-DR-M,"Western Dress",M,B0982ZJ666,Shipped,1,INR,744.00,DHARMAPURI,"Tamil Nadu",636705.0,IN,"IN Core Free Shipping 2015/04/08 23-48-5-108",False,,
87,405-1492294-0323520,04-30-22,Shipped,Amazon,Amazon.in,Expedited,J0341,J0341-DR-XL,"Western Dress",XL,B099NQJZPQ,Shipped,1,INR,744.00,DEHRADUN,Uttarakhand,248005.0,IN,"IN Core Free Shipping 2015/04/08 23-48-5-108",False,,
88,403-1162895-2484367,04-30-22,"Shipped - Delivered to Buyer",Merchant,Amazon.in,Standard,J0295,J0295-DR-XXL,"Western Dress",XXL,B099NSGTJ9,Shipped,1,INR,859.00,JAIPUR,Rajasthan,303905.0,IN,"Amazon PLCC Free-Financing Universal Merchant AAT-WNKTBO3K27EJC,Amazon PLCC Free-Financing Universal Merchant AAT-QX3UCCJESKPA2,Amazon PLCC Free-Financing Universal Merchant AAT-5QQ7BIYYQEDN2,Amazon PLCC Free-Financing Universal Merchant AAT-DSJ2QRXXWXVMQ,Amazon PLCC Free-Financing Universal Merchant AAT-CXJHMC2YJUK76,Amazon PLCC Free-Financing Universal Merchant AAT-CC4FAVTYR4X7C,Amazon PLCC Free-Financing Universal Merchant AAT-XXRCW6NZEPZI4,Amazon PLCC Free-Financing Universal Merchant AAT-EOKPWFWYW7Y6I,Amazon PLCC Free-Financing Universal Merchant AAT-ZYL5UPUNW6T62,Amazon PLCC Free-Financing Universal Merchant AAT-ETXQ3XXWMRXBG,Amazon PLCC Free-Financing Universal Merchant AAT-7X3XCTYG64VBE,Amazon PLCC Free-Financing Universal Merchant AAT-7CHGD3WTS3MHM,Amazon PLCC Free-Financing Universal Merchant AAT-26ZDKNME27X42,Amazon PLCC Free-Financing Universal Merchant AAT-4ZF5KN6E4LJK4,Amazon PLCC Free-Financing Universal Merchant AAT-7RCXIKUAX7DDY,Amazon PLCC Free-Financing Universal Merchant AAT-BRSZZ45H6MHAO,Amazon PLCC Free-Financing Universal Merchant AAT-MKLXOOZWQL7GO,Amazon PLCC Free-Financing Universal Merchant AAT-CB7UNXEXGIJTC,Amazon PLCC Free-Financing Universal Merchant #MP-gzasho-1593152694811,Amazon PLCC Free-Financing Universal Merchant AAT-WLBA4GZ52EAH4",False,"Easy Ship",
89,171-6833843-5473114,04-30-22,Shipped,Amazon,Amazon.in,Expedited,JNE3560,JNE3560-KR-M,kurta,M,B08PCVMF6R,Shipped,1,INR,487.00,VADODARA,Gujarat,390019.0,IN,,False,,
90,403-1477057-8253913,04-30-22,Shipped,Amazon,Amazon.in,Expedited,J0333,J0333-DR-XXXL,"Western Dress",3XL,B0983121HP,Shipped,1,INR,825.00,CHAVAKKAD,Kerala,680506.0,IN,"IN Core Free Shipping 2015/04/08 23-48-5-108",False,,
91,408-2114413-6089906,04-30-22,Shipped,Amazon,Amazon.in,Expedited,SET389,SET389-KR-NP-M,Set,M,B09KXTTVB5,Shipped,1,INR,680.00,PATNA,Bihar,800026.0,IN,"IN Core Free Shipping 2015/04/08 23-48-5-108",False,,
92,405-1879750-2639521,04-30-22,"Shipped - Delivered to Buyer",Merchant,Amazon.in,Standard,JNE3801,JNE3801-KR-XXXL,kurta,3XL,B09SDYSR1F,Shipped,1,INR,725.00,CHENNAI,"Tamil Nadu",600028.0,IN,"Amazon PLCC Free-Financing Universal Merchant AAT-WNKTBO3K27EJC,Amazon PLCC Free-Financing Universal Merchant AAT-QX3UCCJESKPA2,Amazon PLCC Free-Financing Universal Merchant AAT-5QQ7BIYYQEDN2,Amazon PLCC Free-Financing Universal Merchant AAT-DSJ2QRXXWXVMQ,Amazon PLCC Free-Financing Universal Merchant AAT-CXJHMC2YJUK76,Amazon PLCC Free-Financing Universal Merchant AAT-SL3Y2YRMAUNFC,Amazon PLCC Free-Financing Universal Merchant AAT-CC4FAVTYR4X7C,Amazon PLCC Free-Financing Universal Merchant AAT-XXRCW6NZEPZI4,Amazon PLCC Free-Financing Universal Merchant AAT-EOKPWFWYW7Y6I,Amazon PLCC Free-Financing Universal Merchant AAT-ZYL5UPUNW6T62,Amazon PLCC Free-Financing Universal Merchant AAT-ETXQ3XXWMRXBG,Amazon PLCC Free-Financing Universal Merchant AAT-7X3XCTYG64VBE,Amazon PLCC Free-Financing Universal Merchant AAT-7CHGD3WTS3MHM,Amazon PLCC Free-Financing Universal Merchant AAT-26ZDKNME27X42,Amazon PLCC Free-Financing Universal Merchant AAT-4ZF5KN6E4LJK4,Amazon PLCC Free-Financing Universal Merchant AAT-7RCXIKUAX7DDY,Amazon PLCC Free-Financing Universal Merchant AAT-TNYBHEAO7HOHO,Amazon PLCC Free-Financing Universal Merchant AAT-BRSZZ45H6MHAO,Amazon PLCC Free-Financing Universal Merchant AAT-MKLXOOZWQL7GO,Amazon PLCC Free-Financing Universal Merchant AAT-CB7UNXEXGIJTC,Amazon PLCC Free-Financing Universal Merchant #MP-gzasho-1593152694811,Amazon PLCC Free-Financing Universal Merchant AAT-WLBA4GZ52EAH4,Amazon PLCC Free-Financing Universal Merchant AAT-QMFZ3M7T5NPDS,Amazon PLCC Free-Financing Universal Merchant #MP-pmilan-1601980554292",False,"Easy Ship",
93,406-5727754-5302723,04-30-22,Shipped,Amazon,Amazon.in,Expedited,SET098,SET098-KR-PP-M,Set,M,B07X3K4L82,Shipped,1,INR,696.00,VADODARA,Gujarat,390018.0,IN,"IN Core Free Shipping 2015/04/08 23-48-5-108",False,,
94,405-0901744-8270705,04-30-22,Shipped,Amazon,Amazon.in,Expedited,MEN5013,MEN5013-KR-L,kurta,L,B08YYR9G96,Shipped,1,INR,499.00,VADODARA,Gujarat,390003.0,IN,"IN Core Free Shipping 2015/04/08 23-48-5-108",False,,
95,405-9112089-3379536,04-30-22,Cancelled,Amazon,Amazon.in,Expedited,JNE3405,JNE3405-KR-L,kurta,L,B081WSCKPQ,Cancelled,0,,605.00,PUNE,Maharashtra,411046.0,IN,,False,,
96,408-6357132-2310703,04-30-22,Shipped,Amazon,Amazon.in,Expedited,J0003,J0003-SET-L,Set,L,B0894Y4PNG,Shipped,1,INR,696.00,Jammu,"Jammu & Kashmir",180011.0,IN,"IN Core Free Shipping 2015/04/08 23-48-5-108",False,,
97,406-5334922-9670748,04-30-22,Shipped,Amazon,Amazon.in,Expedited,JNE3718,JNE3718-KR-XXXL,kurta,3XL,B099NJ1WVX,Shipped,1,INR,406.00,bangalore,Karnataka,560026.0,IN,,False,,
98,402-8519791-3706738,04-30-22,Shipped,Amazon,Amazon.in,Expedited,SET347,SET347-KR-NP-S,Set,S,B09RKDJ9SQ,Shipped,1,INR,852.00,"NEW DELHI",Delhi,110036.0,IN,"IN Core Free Shipping 2015/04/08 23-48-5-108",False,,
99,408-1830318-0357940,04-30-22,Shipped,Amazon,Amazon.in,Expedited,JNE3405,JNE3405-KR-XXL,kurta,XXL,B081WSL2JS,Shipped,1,INR,399.00,NARNAUND,Haryana,125039.0,IN,,False,,
100,406-5103760-7326749,04-30-22,Shipped,Amazon,Amazon.in,Expedited,JNE3391,JNE3391-KR-XXL,kurta,XXL,B081WYHTF2,Shipped,1,INR,432.00,Ahmedabad,Gujarat,380051.0,IN,,False,,
101,402-7841951-1872363,04-30-22,Cancelled,Amazon,Amazon.in,Expedited,SET347,SET347-KR-NP-S,Set,S,B09RKDJ9SQ,Cancelled,0,,605.00,"NEW DELHI",Delhi,110036.0,IN,,False,,
102,408-7698765-2294756,04-30-22,"Shipped - Delivered to Buyer",Merchant,Amazon.in,Standard,SET277,SET277-KR-NP-XXL,Set,XXL,B0983FZLXC,Shipped,1,INR,1338.00,AMBARNATH,Maharashtra,421502.0,IN,"Amazon PLCC Free-Financing Universal Merchant AAT-WNKTBO3K27EJC,Amazon PLCC Free-Financing Universal Merchant AAT-QX3UCCJESKPA2,Amazon PLCC Free-Financing Universal Merchant AAT-5QQ7BIYYQEDN2,Amazon PLCC Free-Financing Universal Merchant AAT-DSJ2QRXXWXVMQ,Amazon PLCC Free-Financing Universal Merchant AAT-CXJHMC2YJUK76,Amazon PLCC Free-Financing Universal Merchant AAT-SL3Y2YRMAUNFC,Amazon PLCC Free-Financing Universal Merchant AAT-CC4FAVTYR4X7C,Amazon PLCC Free-Financing Universal Merchant AAT-XXRCW6NZEPZI4,Amazon PLCC Free-Financing Universal Merchant AAT-EOKPWFWYW7Y6I,Amazon PLCC Free-Financing Universal Merchant AAT-ZYL5UPUNW6T62,Amazon PLCC Free-Financing Universal Merchant AAT-ETXQ3XXWMRXBG,Amazon PLCC Free-Financing Universal Merchant AAT-7X3XCTYG64VBE,Amazon PLCC Free-Financing Universal Merchant AAT-7CHGD3WTS3MHM,Amazon PLCC Free-Financing Universal Merchant AAT-26ZDKNME27X42,Amazon PLCC Free-Financing Universal Merchant AAT-4ZF5KN6E4LJK4,Amazon PLCC Free-Financing Universal Merchant AAT-7RCXIKUAX7DDY,Amazon PLCC Free-Financing Universal Merchant AAT-BRSZZ45H6MHAO,Amazon PLCC Free-Financing Universal Merchant AAT-MKLXOOZWQL7GO,Amazon PLCC Free-Financing Universal Merchant AAT-CB7UNXEXGIJTC,Amazon PLCC Free-Financing Universal Merchant #MP-gzasho-1593152694811,Amazon PLCC Free-Financing Universal Merchant AAT-WLBA4GZ52EAH4,Amazon PLCC Free-Financing Universal Merchant #MP-pmilan-1601980554292",False,"Easy Ship",
103,404-1856281-9996319,04-30-22,"Shipped - Delivered to Buyer",Merchant,Amazon.in,Standard,J0293,J0293-DR-S,"Western Dress",S,B099NQ1SKZ,Shipped,1,INR,472.00,GWALIOR,"Madhya Pradesh",474005.0,IN,"Amazon PLCC Free-Financing Universal Merchant AAT-WNKTBO3K27EJC,Amazon PLCC Free-Financing Universal Merchant AAT-QX3UCCJESKPA2,Amazon PLCC Free-Financing Universal Merchant AAT-5QQ7BIYYQEDN2,Amazon PLCC Free-Financing Universal Merchant AAT-DSJ2QRXXWXVMQ,Amazon PLCC Free-Financing Universal Merchant AAT-CXJHMC2YJUK76,Amazon PLCC Free-Financing Universal Merchant AAT-CC4FAVTYR4X7C,Amazon PLCC Free-Financing Universal Merchant AAT-XXRCW6NZEPZI4,Amazon PLCC Free-Financing Universal Merchant AAT-EOKPWFWYW7Y6I,Amazon PLCC Free-Financing Universal Merchant AAT-ETXQ3XXWMRXBG,Amazon PLCC Free-Financing Universal Merchant AAT-7X3XCTYG64VBE,Amazon PLCC Free-Financing Universal Merchant AAT-7CHGD3WTS3MHM,Amazon PLCC Free-Financing Universal Merchant AAT-26ZDKNME27X42,Amazon PLCC Free-Financing Universal Merchant AAT-4ZF5KN6E4LJK4,Amazon PLCC Free-Financing Universal Merchant AAT-7RCXIKUAX7DDY,Amazon PLCC Free-Financing Universal Merchant AAT-TNYBHEAO7HOHO,Amazon PLCC Free-Financing Universal Merchant AAT-BRSZZ45H6MHAO,Amazon PLCC Free-Financing Universal Merchant AAT-MKLXOOZWQL7GO,Amazon PLCC Free-Financing Universal Merchant AAT-CB7UNXEXGIJTC,Amazon PLCC Free-Financing Universal Merchant #MP-gzasho-1593152694811,Amazon PLCC Free-Financing Universal Merchant AAT-WLBA4GZ52EAH4,Amazon PLCC Free-Financing Universal Merchant AAT-QMFZ3M7T5NPDS,Amazon PLCC Free-Financing Universal Merchant #MP-pmilan-1601980554292",False,"Easy Ship",
104,406-5406738-7113145,04-30-22,Shipped,Amazon,Amazon.in,Expedited,SET268,SET268-KR-NP-L,Set,L,B08XQ8MCKP,Shipped,1,INR,788.00,"NEW DELHI",Delhi,110078.0,IN,"IN Core Free Shipping 2015/04/08 23-48-5-108",False,,
105,405-5257740-5301158,04-30-22,"Shipped - Delivered to Buyer",Merchant,Amazon.in,Standard,SET154,SET154-KR-NP-XL,Set,XL,B082PXMCZ4,Shipped,1,INR,832.00,ROHTAK,Haryana,124001.0,IN,"Amazon PLCC Free-Financing Universal Merchant AAT-WNKTBO3K27EJC,Amazon PLCC Free-Financing Universal Merchant AAT-QX3UCCJESKPA2,Amazon PLCC Free-Financing Universal Merchant AAT-5QQ7BIYYQEDN2,Amazon PLCC Free-Financing Universal Merchant AAT-DSJ2QRXXWXVMQ,Amazon PLCC Free-Financing Universal Merchant AAT-CXJHMC2YJUK76,Amazon PLCC Free-Financing Universal Merchant AAT-SL3Y2YRMAUNFC,Amazon PLCC Free-Financing Universal Merchant AAT-CC4FAVTYR4X7C,Amazon PLCC Free-Financing Universal Merchant AAT-XXRCW6NZEPZI4,Amazon PLCC Free-Financing Universal Merchant AAT-EOKPWFWYW7Y6I,Amazon PLCC Free-Financing Universal Merchant AAT-ZYL5UPUNW6T62,Amazon PLCC Free-Financing Universal Merchant AAT-ETXQ3XXWMRXBG,Amazon PLCC Free-Financing Universal Merchant AAT-7X3XCTYG64VBE,Amazon PLCC Free-Financing Universal Merchant AAT-7CHGD3WTS3MHM,Amazon PLCC Free-Financing Universal Merchant AAT-26ZDKNME27X42,Amazon PLCC Free-Financing Universal Merchant AAT-4ZF5KN6E4LJK4,Amazon PLCC Free-Financing Universal Merchant AAT-7RCXIKUAX7DDY,Amazon PLCC Free-Financing Universal Merchant AAT-TNYBHEAO7HOHO,Amazon PLCC Free-Financing Universal Merchant AAT-BRSZZ45H6MHAO,Amazon PLCC Free-Financing Universal Merchant AAT-MKLXOOZWQL7GO,Amazon PLCC Free-Financing Universal Merchant AAT-CB7UNXEXGIJTC,Amazon PLCC Free-Financing Universal Merchant #MP-gzasho-1593152694811,Amazon PLCC Free-Financing Universal Merchant AAT-WLBA4GZ52EAH4,Amazon PLCC Free-Financing Universal Merchant AAT-QMFZ3M7T5NPDS,Amazon PLCC Free-Financing Universal Merchant #MP-pmilan-1601980554292",False,"Easy Ship",
106,405-5257740-5301158,04-30-22,"Shipped - Delivered to Buyer",Merchant,Amazon.in,Standard,JNE3439,JNE3439-KR-XL,kurta,XL,B081X4KQ14,Shipped,1,INR,399.00,ROHTAK,Haryana,124001.0,IN,"Amazon PLCC Free-Financing Universal Merchant AAT-WNKTBO3K27EJC,Amazon PLCC Free-Financing Universal Merchant AAT-QX3UCCJESKPA2,Amazon PLCC Free-Financing Universal Merchant AAT-5QQ7BIYYQEDN2,Amazon PLCC Free-Financing Universal Merchant AAT-DSJ2QRXXWXVMQ,Amazon PLCC Free-Financing Universal Merchant AAT-CXJHMC2YJUK76,Amazon PLCC Free-Financing Universal Merchant AAT-SL3Y2YRMAUNFC,Amazon PLCC Free-Financing Universal Merchant AAT-CC4FAVTYR4X7C,Amazon PLCC Free-Financing Universal Merchant AAT-XXRCW6NZEPZI4,Amazon PLCC Free-Financing Universal Merchant AAT-EOKPWFWYW7Y6I,Amazon PLCC Free-Financing Universal Merchant AAT-ZYL5UPUNW6T62,Amazon PLCC Free-Financing Universal Merchant AAT-ETXQ3XXWMRXBG,Amazon PLCC Free-Financing Universal Merchant AAT-7X3XCTYG64VBE,Amazon PLCC Free-Financing Universal Merchant AAT-7CHGD3WTS3MHM,Amazon PLCC Free-Financing Universal Merchant AAT-26ZDKNME27X42,Amazon PLCC Free-Financing Universal Merchant AAT-4ZF5KN6E4LJK4,Amazon PLCC Free-Financing Universal Merchant AAT-7RCXIKUAX7DDY,Amazon PLCC Free-Financing Universal Merchant AAT-TNYBHEAO7HOHO,Amazon PLCC Free-Financing Universal Merchant AAT-BRSZZ45H6MHAO,Amazon PLCC Free-Financing Universal Merchant AAT-MKLXOOZWQL7GO,Amazon PLCC Free-Financing Universal Merchant AAT-CB7UNXEXGIJTC,Amazon PLCC Free-Financing Universal Merchant #MP-gzasho-1593152694811,Amazon PLCC Free-Financing Universal Merchant AAT-WLBA4GZ52EAH4,Amazon PLCC Free-Financing Universal Merchant AAT-QMFZ3M7T5NPDS,Amazon PLCC Free-Financing Universal Merchant #MP-pmilan-1601980554292",False,"Easy Ship",
107,405-2072502-4089911,04-30-22,Shipped,Amazon,Amazon.in,Expedited,SET291,SET291-KR-PP-XL,Set,XL,B099NJV9X7,Shipped,1,INR,599.00,ROHTAK,Haryana,124001.0,IN,"IN Core Free Shipping 2015/04/08 23-48-5-108",False,,
108,405-0882561-5952340,04-30-22,Shipped,Amazon,Amazon.in,Expedited,SET293,SET293-KR-NP-M,Set,M,B09K3LJWBB,Shipped,1,INR,692.00,Kolkata,"West Bengal",700156.0,IN,,False,,
109,403-7266170-1163500,04-30-22,"Shipped - Delivered to Buyer",Merchant,Amazon.in,Standard,JNE3648,JNE3648-TP-N-M,Top,M,B08ZH9GDTY,Shipped,1,INR,518.00,MUMBAI,Maharashtra,400076.0,IN,"Amazon PLCC Free-Financing Universal Merchant AAT-WNKTBO3K27EJC,Amazon PLCC Free-Financing Universal Merchant AAT-QX3UCCJESKPA2,Amazon PLCC Free-Financing Universal Merchant AAT-5QQ7BIYYQEDN2,Amazon PLCC Free-Financing Universal Merchant AAT-DSJ2QRXXWXVMQ,Amazon PLCC Free-Financing Universal Merchant AAT-CXJHMC2YJUK76,Amazon PLCC Free-Financing Universal Merchant AAT-CC4FAVTYR4X7C,Amazon PLCC Free-Financing Universal Merchant AAT-XXRCW6NZEPZI4,Amazon PLCC Free-Financing Universal Merchant AAT-EOKPWFWYW7Y6I,Amazon PLCC Free-Financing Universal Merchant AAT-ZYL5UPUNW6T62,Amazon PLCC Free-Financing Universal Merchant AAT-ETXQ3XXWMRXBG,Amazon PLCC Free-Financing Universal Merchant AAT-7X3XCTYG64VBE,Amazon PLCC Free-Financing Universal Merchant AAT-7CHGD3WTS3MHM,Amazon PLCC Free-Financing Universal Merchant AAT-26ZDKNME27X42,Amazon PLCC Free-Financing Universal Merchant AAT-4ZF5KN6E4LJK4,Amazon PLCC Free-Financing Universal Merchant AAT-7RCXIKUAX7DDY,Amazon PLCC Free-Financing Universal Merchant AAT-BRSZZ45H6MHAO,Amazon PLCC Free-Financing Universal Merchant AAT-MKLXOOZWQL7GO,Amazon PLCC Free-Financing Universal Merchant AAT-CB7UNXEXGIJTC,Amazon PLCC Free-Financing Universal Merchant #MP-gzasho-1593152694811,Amazon PLCC Free-Financing Universal Merchant AAT-WLBA4GZ52EAH4",False,"Easy Ship",
110,405-8114272-1687512,04-30-22,Shipped,Amazon,Amazon.in,Expedited,SET268,SET268-KR-NP-L,Set,L,B08XQ8MCKP,Shipped,1,INR,788.00,"NEW DELHI",Delhi,110034.0,IN,,False,,
111,171-6138639-1478731,04-30-22,Shipped,Amazon,Amazon.in,Expedited,JNE3334,JNE3334-KR-M,kurta,M,B07S8WG31H,Shipped,1,INR,318.00,HYDERABAD,Telangana,500054.0,IN,"IN Core Free Shipping 2015/04/08 23-48-5-108",False,,
112,405-4059216-4541150,04-30-22,Shipped,Amazon,Amazon.in,Expedited,SET331,SET331-KR-NP-XS,Set,XS,B09NQ54RRT,Shipped,1,INR,597.00,HYDERABAD,Telangana,500072.0,IN,"IN Core Free Shipping 2015/04/08 23-48-5-108",False,,
113,405-1152015-7333945,04-30-22,Shipped,Amazon,Amazon.in,Expedited,SET265,SET265-KR-NP-S,Set,S,B0983D6TGS,Shipped,1,INR,888.00,PATNA,Bihar,800002.0,IN,"IN Core Free Shipping 2015/04/08 23-48-5-108",False,,
114,406-0177436-6731556,04-30-22,Shipped,Amazon,Amazon.in,Expedited,JNE3718,JNE3718-KR-S,kurta,S,B099FC7FSQ,Shipped,1,INR,406.00,RAMAGUNDAM,Telangana,505211.0,IN,,False,,
115,406-0715107-8168308,04-30-22,Shipped,Amazon,Amazon.in,Expedited,SET397,"SET397-KR-NP  -M",Set,M,B09RKD6KWL,Shipped,1,INR,1186.00,PITHORAGARH,Uttarakhand,262501.0,IN,"IN Core Free Shipping 2015/04/08 23-48-5-108",False,,
116,403-0104882-7373900,04-30-22,Cancelled,Amazon,Amazon.in,Expedited,JNE3861,JNE3861-DR-XXL,"Western Dress",XXL,B09SDY9GXB,Unshipped,1,INR,791.00,HIMMATNAGAR,Gujarat,383001.0,IN,,False,,
117,403-0104882-7373900,04-30-22,Cancelled,Amazon,Amazon.in,Expedited,J0335,J0335-DR-XL,"Western Dress",XL,B09831P2JC,Unshipped,1,INR,807.00,HIMMATNAGAR,Gujarat,383001.0,IN,,False,,
118,403-0104882-7373900,04-30-22,Cancelled,Amazon,Amazon.in,Expedited,J0335,J0335-DR-XXL,"Western Dress",XXL,B0982ZS9FG,Unshipped,1,INR,807.00,HIMMATNAGAR,Gujarat,383001.0,IN,,False,,
119,405-3002282-6797102,04-30-22,Shipped,Amazon,Amazon.in,Expedited,JNE1525,JNE1525-KR-UDF19-A-S,kurta,S,B0743FRDLK,Shipped,1,INR,311.00,KOLKATA,"West Bengal",700057.0,IN,,False,,
120,407-8466904-3461908,04-30-22,Shipped,Amazon,Amazon.in,Expedited,JNE3654,JNE3654-TP-XL,Top,XL,B09873BFC1,Shipped,1,INR,387.00,MUMBAI,Maharashtra,400101.0,IN,"IN Core Free Shipping 2015/04/08 23-48-5-108",False,,
121,171-3305587-5364338,04-30-22,Shipped,Amazon,Amazon.in,Expedited,JNE3261,JNE3261-KR-S,kurta,S,B07R41PW8D,Shipped,1,INR,348.00,HYDERABAD,Telangana,500053.0,IN,,False,,
122,406-8961316-8137943,04-30-22,"Shipped - Delivered to Buyer",Merchant,Amazon.in,Standard,SET324,SET324-KR-NP-S,Set,S,B09NQ4CZ65,Shipped,1,INR,597.00,"GUWAHATI, KAMRUP (M)",Assam,781014.0,IN,"Amazon PLCC Free-Financing Universal Merchant AAT-WNKTBO3K27EJC,Amazon PLCC Free-Financing Universal Merchant AAT-QX3UCCJESKPA2,Amazon PLCC Free-Financing Universal Merchant AAT-5QQ7BIYYQEDN2,Amazon PLCC Free-Financing Universal Merchant AAT-DSJ2QRXXWXVMQ,Amazon PLCC Free-Financing Universal Merchant AAT-CXJHMC2YJUK76,Amazon PLCC Free-Financing Universal Merchant AAT-CC4FAVTYR4X7C,Amazon PLCC Free-Financing Universal Merchant AAT-XXRCW6NZEPZI4,Amazon PLCC Free-Financing Universal Merchant AAT-EOKPWFWYW7Y6I,Amazon PLCC Free-Financing Universal Merchant AAT-ZYL5UPUNW6T62,Amazon PLCC Free-Financing Universal Merchant AAT-ETXQ3XXWMRXBG,Amazon PLCC Free-Financing Universal Merchant AAT-7X3XCTYG64VBE,Amazon PLCC Free-Financing Universal Merchant AAT-7CHGD3WTS3MHM,Amazon PLCC Free-Financing Universal Merchant AAT-26ZDKNME27X42,Amazon PLCC Free-Financing Universal Merchant AAT-4ZF5KN6E4LJK4,Amazon PLCC Free-Financing Universal Merchant AAT-7RCXIKUAX7DDY,Amazon PLCC Free-Financing Universal Merchant AAT-BRSZZ45H6MHAO,Amazon PLCC Free-Financing Universal Merchant AAT-MKLXOOZWQL7GO,Amazon PLCC Free-Financing Universal Merchant AAT-CB7UNXEXGIJTC,Amazon PLCC Free-Financing Universal Merchant #MP-gzasho-1593152694811,Amazon PLCC Free-Financing Universal Merchant AAT-WLBA4GZ52EAH4,Amazon PLCC Free-Financing Universal Merchant #MP-pmilan-1601980554292",False,"Easy Ship",
123,406-8961316-8137943,04-30-22,"Shipped - Delivered to Buyer",Merchant,Amazon.in,Standard,SET332,SET332-KR-PP-S,Set,S,B09NQ33VW2,Shipped,1,INR,549.00,"GUWAHATI, KAMRUP (M)",Assam,781014.0,IN,"Amazon PLCC Free-Financing Universal Merchant AAT-WNKTBO3K27EJC,Amazon PLCC Free-Financing Universal Merchant AAT-QX3UCCJESKPA2,Amazon PLCC Free-Financing Universal Merchant AAT-5QQ7BIYYQEDN2,Amazon PLCC Free-Financing Universal Merchant AAT-DSJ2QRXXWXVMQ,Amazon PLCC Free-Financing Universal Merchant AAT-CXJHMC2YJUK76,Amazon PLCC Free-Financing Universal Merchant AAT-CC4FAVTYR4X7C,Amazon PLCC Free-Financing Universal Merchant AAT-XXRCW6NZEPZI4,Amazon PLCC Free-Financing Universal Merchant AAT-EOKPWFWYW7Y6I,Amazon PLCC Free-Financing Universal Merchant AAT-ZYL5UPUNW6T62,Amazon PLCC Free-Financing Universal Merchant AAT-ETXQ3XXWMRXBG,Amazon PLCC Free-Financing Universal Merchant AAT-7X3XCTYG64VBE,Amazon PLCC Free-Financing Universal Merchant AAT-7CHGD3WTS3MHM,Amazon PLCC Free-Financing Universal Merchant AAT-26ZDKNME27X42,Amazon PLCC Free-Financing Universal Merchant AAT-4ZF5KN6E4LJK4,Amazon PLCC Free-Financing Universal Merchant AAT-7RCXIKUAX7DDY,Amazon PLCC Free-Financing Universal Merchant AAT-BRSZZ45H6MHAO,Amazon PLCC Free-Financing Universal Merchant AAT-MKLXOOZWQL7GO,Amazon PLCC Free-Financing Universal Merchant AAT-CB7UNXEXGIJTC,Amazon PLCC Free-Financing Universal Merchant #MP-gzasho-1593152694811,Amazon PLCC Free-Financing Universal Merchant AAT-WLBA4GZ52EAH4,Amazon PLCC Free-Financing Universal Merchant #MP-pmilan-1601980554292",False,"Easy Ship",
124,171-2813040-8296320,04-30-22,Shipped,Amazon,Amazon.in,Expedited,SET324,SET324-KR-NP-XXXL,Set,3XL,B09NQ51MPV,Shipped,1,INR,635.00,KOLAR,Karnataka,563101.0,IN,"IN Core Free Shipping 2015/04/08 23-48-5-108",False,,
125,408-9845791-1393151,04-30-22,Shipped,Amazon,Amazon.in,Expedited,SET324,SET324-KR-NP-XS,Set,XS,B09NQ4DD29,Shipped,1,INR,597.00,PATIALA,Punjab,147001.0,IN,"IN Core Free Shipping 2015/04/08 23-48-5-108",False,,
126,402-4277204-2348328,04-30-22,Shipped,Amazon,Amazon.in,Expedited,SET280,SET280-KR-PP-S,Set,S,B09CT26LGZ,Shipped,1,INR,790.00,REWA,"Madhya Pradesh",486001.0,IN,"IN Core Free Shipping 2015/04/08 23-48-5-108",False,,
127,171-3049339-2085136,04-30-22,Shipped,Amazon,Amazon.in,Expedited,JNE3618,JNE3618-KR-XXL,kurta,XXL,B091Q9J9QL,Shipped,1,INR,375.00,BONGAIGAON,Assam,783380.0,IN,,False,,
128,405-9928526-2470747,04-30-22,Shipped,Amazon,Amazon.in,Expedited,SET304,SET304-KR-DPT-XS,Set,XS,B09K3LRR2T,Shipped,1,INR,1115.00,HYDERABAD,Telangana,500087.0,IN,,False,,
129,405-4908072-0260360,04-30-22,"Shipped - Delivered to Buyer",Merchant,Amazon.in,Standard,MEN5032,MEN5032-KR-XXXL,kurta,3XL,B08YZ2ZXT7,Shipped,1,INR,579.00,BENGALURU,Karnataka,560055.0,IN,"Amazon PLCC Free-Financing Universal Merchant AAT-WNKTBO3K27EJC,Amazon PLCC Free-Financing Universal Merchant AAT-QX3UCCJESKPA2,Amazon PLCC Free-Financing Universal Merchant AAT-5QQ7BIYYQEDN2,Amazon PLCC Free-Financing Universal Merchant AAT-DSJ2QRXXWXVMQ,Amazon PLCC Free-Financing Universal Merchant AAT-CXJHMC2YJUK76,Amazon PLCC Free-Financing Universal Merchant AAT-SL3Y2YRMAUNFC,Amazon PLCC Free-Financing Universal Merchant AAT-CC4FAVTYR4X7C,Amazon PLCC Free-Financing Universal Merchant AAT-XXRCW6NZEPZI4,Amazon PLCC Free-Financing Universal Merchant AAT-WSJLDN3X7KEMO,Amazon PLCC Free-Financing Universal Merchant AAT-VL6FGQVGQVXUS,Amazon PLCC Free-Financing Universal Merchant AAT-EOKPWFWYW7Y6I,Amazon PLCC Free-Financing Universal Merchant AAT-ZYL5UPUNW6T62,Amazon PLCC Free-Financing Universal Merchant AAT-XVPICCHRWDCAI,Amazon PLCC Free-Financing Universal Merchant AAT-ETXQ3XXWMRXBG,Amazon PLCC Free-Financing Universal Merchant AAT-7X3XCTYG64VBE,Amazon PLCC Free-Financing Universal Merchant AAT-7CHGD3WTS3MHM,Amazon PLCC Free-Financing Universal Merchant AAT-26ZDKNME27X42,Amazon PLCC Free-Financing Universal Merchant AAT-4ZF5KN6E4LJK4,Amazon PLCC Free-Financing Universal Merchant AAT-7RCXIKUAX7DDY,Amazon PLCC Free-Financing Universal Merchant AAT-BRSZZ45H6MHAO,Amazon PLCC Free-Financing Universal Merchant AAT-MKLXOOZWQL7GO,Amazon PLCC Free-Financing Universal Merchant AAT-CB7UNXEXGIJTC,Amazon PLCC Free-Financing Universal Merchant #MP-gzasho-1593152694811,Amazon PLCC Free-Financing Universal Merchant AAT-WLBA4GZ52EAH4",False,"Easy Ship",
130,406-3984186-5973150,04-30-22,Shipped,Amazon,Amazon.in,Expedited,SET110,SET110-KR-PP-XXL,Set,XXL,B0822V61TT,Shipped,1,INR,788.00,Chengalpattu,"Tamil Nadu",603002.0,IN,"IN Core Free Shipping 2015/04/08 23-48-5-108",False,,
131,171-8635309-7508346,04-30-22,Shipped,Amazon,Amazon.in,Expedited,SET324,SET324-KR-NP-M,Set,M,B09NQ4NM75,Shipped,1,INR,597.00,PERAMBALUR,"Tamil Nadu",621212.0,IN,"IN Core Free Shipping 2015/04/08 23-48-5-108",False,,
132,171-0293372-4913973,04-30-22,Cancelled,Amazon,Amazon.in,Expedited,SET269,SET269-KR-NP-XXXL,Set,3XL,B0983FSRFS,Cancelled,0,,605.00,KOLAR,Karnataka,563101.0,IN,,False,,
133,402-8288606-4313118,04-30-22,Shipped,Amazon,Amazon.in,Expedited,JNE3794,JNE3794-KR-M,kurta,M,B09HMVWDN3,Shipped,1,INR,517.00,BILASPUR,"Himachal Pradesh",174001.0,IN,"IN Core Free Shipping 2015/04/08 23-48-5-108",False,,
134,402-8746990-6412346,04-30-22,Shipped,Amazon,Amazon.in,Expedited,JNE3291,JNE3291-KR-XXL,kurta,XXL,B07R41RZV7,Shipped,1,INR,442.00,CHENNAI,"Tamil Nadu",600099.0,IN,,False,,
135,402-0294212-5431551,04-30-22,Shipped,Amazon,Amazon.in,Expedited,JNE3440,JNE3440-KR-N-XXXL,kurta,3XL,B09HMTKV2L,Shipped,1,INR,399.00,VARANASI,"Uttar Pradesh",221010.0,IN,,False,,
136,406-1530134-2105912,04-30-22,Shipped,Amazon,Amazon.in,Expedited,JNE2270,JNE2270-KR-487-A-XXL,kurta,XXL,B07H7DZXJ5,Shipped,1,INR,518.00,BENGALURU,Karnataka,560036.0,IN,,False,,
137,403-5222550-4437140,04-30-22,Shipped,Amazon,Amazon.in,Expedited,JNE3261,JNE3261-KR-M,kurta,M,B07R5X3499,Shipped,1,INR,348.00,COIMBATORE,"Tamil Nadu",641035.0,IN,"IN Core Free Shipping 2015/04/08 23-48-5-108",False,,
138,408-1482435-5202714,04-30-22,"Shipped - Delivered to Buyer",Merchant,Amazon.in,Standard,SET110,SET110-KR-PP-M,Set,M,B0822TDMYH,Shipped,1,INR,788.00,CHIRMIRI,Chhattisgarh,497449.0,IN,"Amazon PLCC Free-Financing Universal Merchant AAT-WNKTBO3K27EJC,Amazon PLCC Free-Financing Universal Merchant AAT-QX3UCCJESKPA2,Amazon PLCC Free-Financing Universal Merchant AAT-5QQ7BIYYQEDN2,Amazon PLCC Free-Financing Universal Merchant AAT-DSJ2QRXXWXVMQ,Amazon PLCC Free-Financing Universal Merchant AAT-CXJHMC2YJUK76,Amazon PLCC Free-Financing Universal Merchant AAT-CC4FAVTYR4X7C,Amazon PLCC Free-Financing Universal Merchant AAT-XXRCW6NZEPZI4,Amazon PLCC Free-Financing Universal Merchant AAT-R7GXNZWISTRFA,Amazon PLCC Free-Financing Universal Merchant AAT-WSJLDN3X7KEMO,Amazon PLCC Free-Financing Universal Merchant AAT-VL6FGQVGQVXUS,Amazon PLCC Free-Financing Universal Merchant AAT-EOKPWFWYW7Y6I,Amazon PLCC Free-Financing Universal Merchant AAT-ZYL5UPUNW6T62,Amazon PLCC Free-Financing Universal Merchant AAT-ETXQ3XXWMRXBG,Amazon PLCC Free-Financing Universal Merchant AAT-7X3XCTYG64VBE,Amazon PLCC Free-Financing Universal Merchant AAT-7CHGD3WTS3MHM,Amazon PLCC Free-Financing Universal Merchant AAT-26ZDKNME27X42,Amazon PLCC Free-Financing Universal Merchant AAT-4ZF5KN6E4LJK4,Amazon PLCC Free-Financing Universal Merchant AAT-7RCXIKUAX7DDY,Amazon PLCC Free-Financing Universal Merchant AAT-BRSZZ45H6MHAO,Amazon PLCC Free-Financing Universal Merchant AAT-MKLXOOZWQL7GO,Amazon PLCC Free-Financing Universal Merchant AAT-CB7UNXEXGIJTC,Amazon PLCC Free-Financing Universal Merchant #MP-gzasho-1593152694811,Amazon PLCC Free-Financing Universal Merchant AAT-WLBA4GZ52EAH4",False,"Easy Ship",
139,403-6442534-2769112,04-30-22,Cancelled,Amazon,Amazon.in,Expedited,J0300,J0300-TP-XXXL,Top,3XL,B099S7RDLZ,Cancelled,0,,605.00,AZAMGARH,"Uttar Pradesh",276302.0,IN,,False,,
140,408-3113070-0750756,04-30-22,Shipped,Amazon,Amazon.in,Expedited,SET324,SET324-KR-NP-M,Set,M,B09NQ4NM75,Shipped,1,INR,597.00,KALYAN,Maharashtra,421306.0,IN,,False,,
141,404-7796841-1880317,04-30-22,Shipped,Amazon,Amazon.in,Expedited,JNE3810,JNE3810-KR-S,kurta,S,B09RKBYVXN,Shipped,1,INR,696.00,"NEW DELHI",Delhi,110016.0,IN,,False,,
142,405-2142542-0941949,04-30-22,Shipped,Amazon,Amazon.in,Expedited,JNE3461,JNE3461-KR-XL,kurta,XL,B08B3YPXKZ,Shipped,1,INR,363.00,HYDERABAD,Telangana,502032.0,IN,"IN Core Free Shipping 2015/04/08 23-48-5-108",False,,
143,405-0286717-7761132,04-30-22,Shipped,Amazon,Amazon.in,Standard,JNE3429,JNE3429-KR-XL,kurta,XL,B0893DJ4TN,Shipped,1,INR,299.00,HYDERABAD,Telangana,502032.0,IN,,False,,
144,406-9021273-9221106,04-30-22,Shipped,Amazon,Amazon.in,Expedited,JNE3710,JNE3710-DR-S,"Western Dress",S,B091SV9XW1,Shipped,1,INR,690.00,GUWAHATI,Assam,781026.0,IN,"IN Core Free Shipping 2015/04/08 23-48-5-108",False,,
145,404-5381335-4577925,04-30-22,Shipped,Amazon,Amazon.in,Expedited,J0113,J0113-TP-XS,Top,XS,B08TZNX8NY,Shipped,1,INR,574.00,MYSORE,Karnataka,570008.0,IN,"IN Core Free Shipping 2015/04/08 23-48-5-108",False,,
146,171-0131752-2560336,04-30-22,"Shipped - Delivered to Buyer",Merchant,Amazon.in,Standard,SET355,SET355-KR-PP-M,Set,M,B09RKDPHFP,Shipped,1,INR,1399.00,BARABANKI,"Uttar Pradesh",225001.0,IN,"Amazon PLCC Free-Financing Universal Merchant AAT-WNKTBO3K27EJC,Amazon PLCC Free-Financing Universal Merchant AAT-QX3UCCJESKPA2,Amazon PLCC Free-Financing Universal Merchant AAT-5QQ7BIYYQEDN2,Amazon PLCC Free-Financing Universal Merchant AAT-DSJ2QRXXWXVMQ,Amazon PLCC Free-Financing Universal Merchant AAT-CXJHMC2YJUK76,Amazon PLCC Free-Financing Universal Merchant AAT-SL3Y2YRMAUNFC,Amazon PLCC Free-Financing Universal Merchant AAT-CC4FAVTYR4X7C,Amazon PLCC Free-Financing Universal Merchant AAT-XXRCW6NZEPZI4,Amazon PLCC Free-Financing Universal Merchant AAT-EOKPWFWYW7Y6I,Amazon PLCC Free-Financing Universal Merchant AAT-ZYL5UPUNW6T62,Amazon PLCC Free-Financing Universal Merchant AAT-ETXQ3XXWMRXBG,Amazon PLCC Free-Financing Universal Merchant AAT-7X3XCTYG64VBE,Amazon PLCC Free-Financing Universal Merchant AAT-7CHGD3WTS3MHM,Amazon PLCC Free-Financing Universal Merchant AAT-26ZDKNME27X42,Amazon PLCC Free-Financing Universal Merchant AAT-4ZF5KN6E4LJK4,Amazon PLCC Free-Financing Universal Merchant AAT-7RCXIKUAX7DDY,Amazon PLCC Free-Financing Universal Merchant AAT-BRSZZ45H6MHAO,Amazon PLCC Free-Financing Universal Merchant AAT-MKLXOOZWQL7GO,Amazon PLCC Free-Financing Universal Merchant AAT-CB7UNXEXGIJTC,Amazon PLCC Free-Financing Universal Merchant #MP-gzasho-1593152694811,Amazon PLCC Free-Financing Universal Merchant AAT-WLBA4GZ52EAH4",False,"Easy Ship",
147,407-4235449-1353916,04-30-22,"Shipped - Delivered to Buyer",Merchant,Amazon.in,Standard,J0009,J0009-SKD-S,Set,S,B0894X8979,Shipped,1,INR,999.00,AMILA,"Uttar Pradesh",275301.0,IN,"Amazon PLCC Free-Financing Universal Merchant AAT-WNKTBO3K27EJC,Amazon PLCC Free-Financing Universal Merchant AAT-QX3UCCJESKPA2,Amazon PLCC Free-Financing Universal Merchant AAT-5QQ7BIYYQEDN2,Amazon PLCC Free-Financing Universal Merchant AAT-DSJ2QRXXWXVMQ,Amazon PLCC Free-Financing Universal Merchant AAT-CXJHMC2YJUK76,Amazon PLCC Free-Financing Universal Merchant AAT-CC4FAVTYR4X7C,Amazon PLCC Free-Financing Universal Merchant AAT-XXRCW6NZEPZI4,Amazon PLCC Free-Financing Universal Merchant AAT-EOKPWFWYW7Y6I,Amazon PLCC Free-Financing Universal Merchant AAT-ZYL5UPUNW6T62,Amazon PLCC Free-Financing Universal Merchant AAT-ETXQ3XXWMRXBG,Amazon PLCC Free-Financing Universal Merchant AAT-7X3XCTYG64VBE,Amazon PLCC Free-Financing Universal Merchant AAT-7CHGD3WTS3MHM,Amazon PLCC Free-Financing Universal Merchant AAT-26ZDKNME27X42,Amazon PLCC Free-Financing Universal Merchant AAT-4ZF5KN6E4LJK4,Amazon PLCC Free-Financing Universal Merchant AAT-7RCXIKUAX7DDY,Amazon PLCC Free-Financing Universal Merchant AAT-TNYBHEAO7HOHO,Amazon PLCC Free-Financing Universal Merchant AAT-BRSZZ45H6MHAO,Amazon PLCC Free-Financing Universal Merchant AAT-MKLXOOZWQL7GO,Amazon PLCC Free-Financing Universal Merchant AAT-CB7UNXEXGIJTC,Amazon PLCC Free-Financing Universal Merchant #MP-gzasho-1593152694811,Amazon PLCC Free-Financing Universal Merchant AAT-WLBA4GZ52EAH4,Amazon PLCC Free-Financing Universal Merchant AAT-QMFZ3M7T5NPDS,Amazon PLCC Free-Financing Universal Merchant #MP-pmilan-1601980554292",False,"Easy Ship",
148,171-8061614-5688327,04-30-22,Shipped,Amazon,Amazon.in,Expedited,J0248,J0248-KR-DPT-XL,Set,XL,B09RKFS78Y,Shipped,1,INR,999.00,VIJAYAWADA,"Andhra Pradesh",520010.0,IN,"IN Core Free Shipping 2015/04/08 23-48-5-108",False,,
149,407-8248783-4261958,04-30-22,Shipped,Amazon,Amazon.in,Expedited,JNE3560,JNE3560-KR-XL,kurta,XL,B08PCSJ2M6,Shipped,1,INR,487.00,"RAWAN AMBUJA CEMENT PLANT",Chhattisgarh,493331.0,IN,"IN Core Free Shipping 2015/04/08 23-48-5-108",False,,
150,404-6513062-3876305,04-30-22,"Shipped - Delivered to Buyer",Merchant,Amazon.in,Standard,JNE3373,JNE3373-KR-XXXL,kurta,3XL,B082W7MZVQ,Shipped,1,INR,376.00,TIRUCHIRAPPALLI,"Tamil Nadu",620018.0,IN,"Amazon PLCC Free-Financing Universal Merchant AAT-WNKTBO3K27EJC,Amazon PLCC Free-Financing Universal Merchant AAT-QX3UCCJESKPA2,Amazon PLCC Free-Financing Universal Merchant AAT-5QQ7BIYYQEDN2,Amazon PLCC Free-Financing Universal Merchant AAT-DSJ2QRXXWXVMQ,Amazon PLCC Free-Financing Universal Merchant AAT-CXJHMC2YJUK76,Amazon PLCC Free-Financing Universal Merchant AAT-CC4FAVTYR4X7C,Amazon PLCC Free-Financing Universal Merchant AAT-XXRCW6NZEPZI4,Amazon PLCC Free-Financing Universal Merchant AAT-EOKPWFWYW7Y6I,Amazon PLCC Free-Financing Universal Merchant AAT-ZYL5UPUNW6T62,Amazon PLCC Free-Financing Universal Merchant AAT-ETXQ3XXWMRXBG,Amazon PLCC Free-Financing Universal Merchant AAT-7X3XCTYG64VBE,Amazon PLCC Free-Financing Universal Merchant AAT-7CHGD3WTS3MHM,Amazon PLCC Free-Financing Universal Merchant AAT-26ZDKNME27X42,Amazon PLCC Free-Financing Universal Merchant AAT-4ZF5KN6E4LJK4,Amazon PLCC Free-Financing Universal Merchant AAT-7RCXIKUAX7DDY,Amazon PLCC Free-Financing Universal Merchant AAT-BRSZZ45H6MHAO,Amazon PLCC Free-Financing Universal Merchant AAT-MKLXOOZWQL7GO,Amazon PLCC Free-Financing Universal Merchant AAT-CB7UNXEXGIJTC,Amazon PLCC Free-Financing Universal Merchant #MP-gzasho-1593152694811,Amazon PLCC Free-Financing Universal Merchant AAT-WLBA4GZ52EAH4,Amazon PLCC Free-Financing Universal Merchant #MP-pmilan-1601980554292",False,"Easy Ship",
151,406-7779874-9136347,04-30-22,Shipped,Amazon,Amazon.in,Expedited,SET398,SET398-KR-PP-L,Set,L,B09RP8WLNY,Shipped,1,INR,1115.00,HERBERTPUR,Uttarakhand,248142.0,IN,"IN Core Free Shipping 2015/04/08 23-48-5-108",False,,
152,406-9638549-1733961,04-30-22,Shipped,Amazon,Amazon.in,Expedited,NW032,NW032-ST-CP-XXL,Set,XXL,B0922SFWK1,Shipped,1,INR,517.00,BENGALURU,Karnataka,560048.0,IN,,False,,
153,407-8801185-0134713,04-30-22,Shipped,Amazon,Amazon.in,Expedited,SET361,SET361-KR-NP-S,Set,S,B09QJ4J6KJ,Shipped,1,INR,1126.00,bangalore,Karnataka,560001.0,IN,"IN Core Free Shipping 2015/04/08 23-48-5-108",False,,
154,171-3625443-6505905,04-30-22,Shipped,Amazon,Amazon.in,Expedited,JNE3797,JNE3797-KR-L,"Western Dress",L,B09SDXFFQ1,Shipped,1,INR,725.00,KALAMASSERY,Kerala,682021.0,IN,"IN Core Free Shipping 2015/04/08 23-48-5-108",False,,
155,402-8078642-8565124,04-30-22,Cancelled,Amazon,Amazon.in,Expedited,JNE3887,JNE3887-KR-XL,kurta,XL,B09TZVXQ1J,Cancelled,0,,605.00,Puri-2,Odisha,752002.0,IN,,False,,
156,402-2820441-9623566,04-30-22,Shipped,Amazon,Amazon.in,Expedited,JNE3870,JNE3870-DR-XXL,"Western Dress",XXL,B09RK61TZX,Shipped,1,INR,721.00,TIKABALI,Odisha,762010.0,IN,"IN Core Free Shipping 2015/04/08 23-48-5-108",False,,
157,171-4312987-5366767,04-30-22,Shipped,Amazon,Amazon.in,Expedited,SET345,SET345-KR-NP-XS,Set,XS,B09KXSVTDB,Shipped,1,INR,666.00,BIHARSHARIF,Bihar,803115.0,IN,"IN Core Free Shipping 2015/04/08 23-48-5-108",False,,
158,403-5189998-9343503,04-30-22,Shipped,Amazon,Amazon.in,Expedited,NW013,NW013-ST-SR-L,Set,L,B0928XJX1F,Shipped,1,INR,496.00,HYDERABAD,Telangana,500075.0,IN,,False,,
159,407-9863928-5979501,04-30-22,"Shipped - Delivered to Buyer",Merchant,Amazon.in,Standard,JNE2014,JNE2014-KR-178-XL,kurta,XL,B077MM3LFJ,Shipped,1,INR,353.00,PARAVUR,Kerala,683513.0,IN,"Amazon PLCC Free-Financing Universal Merchant AAT-WNKTBO3K27EJC,Amazon PLCC Free-Financing Universal Merchant AAT-QX3UCCJESKPA2,Amazon PLCC Free-Financing Universal Merchant AAT-5QQ7BIYYQEDN2,Amazon PLCC Free-Financing Universal Merchant AAT-DSJ2QRXXWXVMQ,Amazon PLCC Free-Financing Universal Merchant AAT-CXJHMC2YJUK76,Amazon PLCC Free-Financing Universal Merchant AAT-CC4FAVTYR4X7C,Amazon PLCC Free-Financing Universal Merchant AAT-XXRCW6NZEPZI4,Amazon PLCC Free-Financing Universal Merchant SS-1643890021772,Amazon PLCC Free-Financing Universal Merchant AAT-R7GXNZWISTRFA,Amazon PLCC Free-Financing Universal Merchant AAT-WSJLDN3X7KEMO,Amazon PLCC Free-Financing Universal Merchant AAT-VL6FGQVGQVXUS,Amazon PLCC Free-Financing Universal Merchant AAT-EOKPWFWYW7Y6I,Amazon PLCC Free-Financing Universal Merchant AAT-ZYL5UPUNW6T62,Amazon PLCC Free-Financing Universal Merchant AAT-ETXQ3XXWMRXBG,Amazon PLCC Free-Financing Universal Merchant AAT-7X3XCTYG64VBE,Amazon PLCC Free-Financing Universal Merchant AAT-7CHGD3WTS3MHM,Amazon PLCC Free-Financing Universal Merchant AAT-26ZDKNME27X42,Amazon PLCC Free-Financing Universal Merchant AAT-4ZF5KN6E4LJK4,Amazon PLCC Free-Financing Universal Merchant AAT-7RCXIKUAX7DDY,Amazon PLCC Free-Financing Universal Merchant AAT-BRSZZ45H6MHAO,Amazon PLCC Free-Financing Universal Merchant AAT-MKLXOOZWQL7GO,Amazon PLCC Free-Financing Universal Merchant AAT-CB7UNXEXGIJTC,Amazon PLCC Free-Financing Universal Merchant #MP-gzasho-1593152694811,Amazon PLCC Free-Financing Universal Merchant AAT-WLBA4GZ52EAH4",False,"Easy Ship",
160,171-4644162-9093116,04-30-22,"Shipped - Delivered to Buyer",Merchant,Amazon.in,Standard,JNE3612,JNE3612-KR-S,kurta,S,B091Q7G4PC,Shipped,1,INR,399.00,BASTI,"Uttar Pradesh",272001.0,IN,"Amazon PLCC Free-Financing Universal Merchant AAT-WNKTBO3K27EJC,Amazon PLCC Free-Financing Universal Merchant AAT-QX3UCCJESKPA2,Amazon PLCC Free-Financing Universal Merchant AAT-5QQ7BIYYQEDN2,Amazon PLCC Free-Financing Universal Merchant AAT-DSJ2QRXXWXVMQ,Amazon PLCC Free-Financing Universal Merchant AAT-CXJHMC2YJUK76,Amazon PLCC Free-Financing Universal Merchant AAT-CC4FAVTYR4X7C,Amazon PLCC Free-Financing Universal Merchant AAT-XXRCW6NZEPZI4,Amazon PLCC Free-Financing Universal Merchant AAT-EOKPWFWYW7Y6I,Amazon PLCC Free-Financing Universal Merchant AAT-ETXQ3XXWMRXBG,Amazon PLCC Free-Financing Universal Merchant AAT-7X3XCTYG64VBE,Amazon PLCC Free-Financing Universal Merchant AAT-7CHGD3WTS3MHM,Amazon PLCC Free-Financing Universal Merchant AAT-26ZDKNME27X42,Amazon PLCC Free-Financing Universal Merchant AAT-4ZF5KN6E4LJK4,Amazon PLCC Free-Financing Universal Merchant AAT-7RCXIKUAX7DDY,Amazon PLCC Free-Financing Universal Merchant AAT-BRSZZ45H6MHAO,Amazon PLCC Free-Financing Universal Merchant AAT-MKLXOOZWQL7GO,Amazon PLCC Free-Financing Universal Merchant AAT-CB7UNXEXGIJTC,Amazon PLCC Free-Financing Universal Merchant #MP-gzasho-1593152694811,Amazon PLCC Free-Financing Universal Merchant AAT-WLBA4GZ52EAH4",False,"Easy Ship",
161,406-0974406-3179521,04-30-22,Shipped,Amazon,Amazon.in,Expedited,PJNE2100,PJNE2100-KR-N-6XL,kurta,6XL,B09LD3PMBT,Shipped,1,INR,458.00,WALAJAPET,"Tamil Nadu",632513.0,IN,,False,,
162,402-0048138-1845122,04-30-22,Shipped,Amazon,Amazon.in,Expedited,SET398,SET398-KR-PP-XXXL,Set,3XL,B09RPJD74Z,Shipped,1,INR,1115.00,Dimapur,Nagaland,797112.0,IN,"IN Core Free Shipping 2015/04/08 23-48-5-108",False,,
163,407-6283946-7749133,04-30-22,Shipped,Amazon,Amazon.in,Expedited,J0006,J0006-SET-M,"Ethnic Dress",M,B0894WV6S6,Shipped,1,INR,845.00,Bengaluru,Karnataka,560029.0,IN,"IN Core Free Shipping 2015/04/08 23-48-5-108",False,,
164,407-0542879-1795554,04-30-22,"Shipped - Delivered to Buyer",Merchant,Amazon.in,Standard,JNE3405,JNE3405-KR-S,kurta,S,B081WX4G4Q,Shipped,1,INR,399.00,Mahendragarh,Haryana,123027.0,IN,"Amazon PLCC Free-Financing Universal Merchant AAT-WNKTBO3K27EJC,Amazon PLCC Free-Financing Universal Merchant AAT-QX3UCCJESKPA2,Amazon PLCC Free-Financing Universal Merchant AAT-5QQ7BIYYQEDN2,Amazon PLCC Free-Financing Universal Merchant AAT-DSJ2QRXXWXVMQ,Amazon PLCC Free-Financing Universal Merchant AAT-CXJHMC2YJUK76,Amazon PLCC Free-Financing Universal Merchant AAT-CC4FAVTYR4X7C,Amazon PLCC Free-Financing Universal Merchant AAT-XXRCW6NZEPZI4,Amazon PLCC Free-Financing Universal Merchant AAT-R7GXNZWISTRFA,Amazon PLCC Free-Financing Universal Merchant AAT-WSJLDN3X7KEMO,Amazon PLCC Free-Financing Universal Merchant AAT-VL6FGQVGQVXUS,Amazon PLCC Free-Financing Universal Merchant AAT-EOKPWFWYW7Y6I,Amazon PLCC Free-Financing Universal Merchant AAT-ZYL5UPUNW6T62,Amazon PLCC Free-Financing Universal Merchant AAT-ETXQ3XXWMRXBG,Amazon PLCC Free-Financing Universal Merchant AAT-7X3XCTYG64VBE,Amazon PLCC Free-Financing Universal Merchant AAT-7CHGD3WTS3MHM,Amazon PLCC Free-Financing Universal Merchant AAT-26ZDKNME27X42,Amazon PLCC Free-Financing Universal Merchant AAT-4ZF5KN6E4LJK4,Amazon PLCC Free-Financing Universal Merchant AAT-7RCXIKUAX7DDY,Amazon PLCC Free-Financing Universal Merchant AAT-BRSZZ45H6MHAO,Amazon PLCC Free-Financing Universal Merchant AAT-MKLXOOZWQL7GO,Amazon PLCC Free-Financing Universal Merchant AAT-CB7UNXEXGIJTC,Amazon PLCC Free-Financing Universal Merchant #MP-gzasho-1593152694811,Amazon PLCC Free-Financing Universal Merchant AAT-WLBA4GZ52EAH4",False,"Easy Ship",
165,406-0218328-1773963,04-30-22,Cancelled,Amazon,Amazon.in,Expedited,PJNE2100,PJNE2100-KR-N-6XL,kurta,6XL,B09LD3PMBT,Cancelled,0,,605.00,WALAJAPET,"Tamil Nadu",632513.0,IN,"IN Core Free Shipping 2015/04/08 23-48-5-108",False,,
166,407-3742007-3242711,04-30-22,Shipped,Amazon,Amazon.in,Expedited,JNE3437,JNE3437-KR-S,kurta,S,B085HGB1GT,Shipped,1,INR,517.00,HYDERABAD,Telangana,500086.0,IN,,False,,
167,407-3742007-3242711,04-30-22,Shipped,Amazon,Amazon.in,Expedited,JNE3465,JNE3465-KR-S,kurta,S,B08BF4GQ9V,Shipped,1,INR,517.00,HYDERABAD,Telangana,500086.0,IN,,False,,
168,405-3067317-3360344,04-30-22,Shipped,Amazon,Amazon.in,Expedited,J0373,J0373-KR-XXXL,kurta,3XL,B09KXQ3NHZ,Shipped,1,INR,599.00,"GREATER NOIDA","Uttar Pradesh",201306.0,IN,,False,,
169,406-5648244-8317954,04-30-22,Shipped,Amazon,Amazon.in,Expedited,J0344,J0344-TP-XXXL,Top,3XL,B098731927,Shipped,1,INR,487.00,"New Delhi",Delhi,110019.0,IN,,False,,
170,171-3460653-0171519,04-30-22,Shipped,Amazon,Amazon.in,Expedited,J0118,J0118-TP-XXL,Top,XXL,B08N4QTQHW,Shipped,1,INR,487.00,GURUGRAM,Haryana,122002.0,IN,"IN Core Free Shipping 2015/04/08 23-48-5-108",False,,
171,404-5337874-2284337,04-30-22,Shipped,Amazon,Amazon.in,Expedited,SET200,SET200-KR-NP-A-XS,Set,XS,B08L92SN2W,Shipped,1,INR,568.00,BENGALURU,Karnataka,560040.0,IN,"IN Core Free Shipping 2015/04/08 23-48-5-108",False,,
172,405-2660443-4165145,04-30-22,"Shipped - Delivered to Buyer",Merchant,Amazon.in,Standard,JNE3405,JNE3405-KR-M,kurta,M,B081WVMMCY,Shipped,1,INR,399.00,BENGALURU,Karnataka,560022.0,IN,"Amazon PLCC Free-Financing Universal Merchant AAT-WNKTBO3K27EJC,Amazon PLCC Free-Financing Universal Merchant AAT-QX3UCCJESKPA2,Amazon PLCC Free-Financing Universal Merchant AAT-5QQ7BIYYQEDN2,Amazon PLCC Free-Financing Universal Merchant AAT-DSJ2QRXXWXVMQ,Amazon PLCC Free-Financing Universal Merchant AAT-CXJHMC2YJUK76,Amazon PLCC Free-Financing Universal Merchant AAT-CC4FAVTYR4X7C,Amazon PLCC Free-Financing Universal Merchant AAT-XXRCW6NZEPZI4,Amazon PLCC Free-Financing Universal Merchant AAT-R7GXNZWISTRFA,Amazon PLCC Free-Financing Universal Merchant AAT-WSJLDN3X7KEMO,Amazon PLCC Free-Financing Universal Merchant AAT-VL6FGQVGQVXUS,Amazon PLCC Free-Financing Universal Merchant AAT-EOKPWFWYW7Y6I,Amazon PLCC Free-Financing Universal Merchant AAT-ZYL5UPUNW6T62,Amazon PLCC Free-Financing Universal Merchant AAT-ETXQ3XXWMRXBG,Amazon PLCC Free-Financing Universal Merchant AAT-7X3XCTYG64VBE,Amazon PLCC Free-Financing Universal Merchant AAT-7CHGD3WTS3MHM,Amazon PLCC Free-Financing Universal Merchant AAT-26ZDKNME27X42,Amazon PLCC Free-Financing Universal Merchant AAT-4ZF5KN6E4LJK4,Amazon PLCC Free-Financing Universal Merchant AAT-7RCXIKUAX7DDY,Amazon PLCC Free-Financing Universal Merchant AAT-BRSZZ45H6MHAO,Amazon PLCC Free-Financing Universal Merchant AAT-MKLXOOZWQL7GO,Amazon PLCC Free-Financing Universal Merchant AAT-CB7UNXEXGIJTC,Amazon PLCC Free-Financing Universal Merchant #MP-gzasho-1593152694811,Amazon PLCC Free-Financing Universal Merchant AAT-WLBA4GZ52EAH4",False,"Easy Ship",
173,402-3329522-2367566,04-30-22,Shipped,Amazon,Amazon.in,Expedited,JNE1998,JNE1998-KR-311-XXL,kurta,XXL,B078NTPQHT,Shipped,1,INR,295.00,MUMBAI,Maharashtra,400069.0,IN,"IN Core Free Shipping 2015/04/08 23-48-5-108",False,,
174,406-3078054-1755513,04-30-22,Shipped,Amazon,Amazon.in,Expedited,MEN5004,MEN5004-KR-XXXL,kurta,3XL,B08YZ2W99X,Shipped,1,INR,484.00,BIJNOR,"Uttar Pradesh",246722.0,IN,,False,,
175,171-4647176-6456305,04-30-22,Shipped,Amazon,Amazon.in,Expedited,SET345,SET345-KR-NP-XXL,Set,XXL,B09KXSQ73F,Shipped,1,INR,626.00,MUMBAI,Maharashtra,400078.0,IN,,False,,
176,408-5011528-8276347,04-30-22,Shipped,Amazon,Amazon.in,Expedited,SET291,SET291-KR-PP-M,Set,M,B099NK55YG,Shipped,1,INR,563.00,ALLAHABAD,"Uttar Pradesh",211001.0,IN,"IN Core Free Shipping 2015/04/08 23-48-5-108",False,,
177,407-4097885-3129958,04-30-22,"Shipped - Delivered to Buyer",Merchant,Amazon.in,Standard,JNE3654,JNE3654-TP-L,Top,L,B09B3GS5CM,Shipped,1,INR,387.00,"VASAI VIRAR",Maharashtra,401202.0,IN,"Amazon PLCC Free-Financing Universal Merchant AAT-WNKTBO3K27EJC,Amazon PLCC Free-Financing Universal Merchant AAT-QX3UCCJESKPA2,Amazon PLCC Free-Financing Universal Merchant AAT-5QQ7BIYYQEDN2,Amazon PLCC Free-Financing Universal Merchant AAT-DSJ2QRXXWXVMQ,Amazon PLCC Free-Financing Universal Merchant AAT-CXJHMC2YJUK76,Amazon PLCC Free-Financing Universal Merchant AAT-CC4FAVTYR4X7C,Amazon PLCC Free-Financing Universal Merchant AAT-XXRCW6NZEPZI4,Amazon PLCC Free-Financing Universal Merchant AAT-R7GXNZWISTRFA,Amazon PLCC Free-Financing Universal Merchant AAT-EOKPWFWYW7Y6I,Amazon PLCC Free-Financing Universal Merchant AAT-ZYL5UPUNW6T62,Amazon PLCC Free-Financing Universal Merchant AAT-ETXQ3XXWMRXBG,Amazon PLCC Free-Financing Universal Merchant AAT-7X3XCTYG64VBE,Amazon PLCC Free-Financing Universal Merchant AAT-7CHGD3WTS3MHM,Amazon PLCC Free-Financing Universal Merchant AAT-26ZDKNME27X42,Amazon PLCC Free-Financing Universal Merchant AAT-4ZF5KN6E4LJK4,Amazon PLCC Free-Financing Universal Merchant AAT-7RCXIKUAX7DDY,Amazon PLCC Free-Financing Universal Merchant AAT-BRSZZ45H6MHAO,Amazon PLCC Free-Financing Universal Merchant AAT-MKLXOOZWQL7GO,Amazon PLCC Free-Financing Universal Merchant AAT-CB7UNXEXGIJTC,Amazon PLCC Free-Financing Universal Merchant #MP-gzasho-1593152694811,Amazon PLCC Free-Financing Universal Merchant AAT-WLBA4GZ52EAH4",False,"Easy Ship",
178,171-1224053-5752314,04-30-22,Cancelled,Merchant,Amazon.in,Standard,J0344,J0344-TP-L,Top,L,B0986XYFFP,,0,INR,463.81,BENGALURU,Karnataka,560087.0,IN,,False,"Easy Ship",
179,406-2849582-6531553,04-30-22,Shipped,Amazon,Amazon.in,Expedited,J0334,J0334-TP-L,Top,L,B0986XXHX7,Shipped,1,INR,512.00,BIJNOR,"Uttar Pradesh",246701.0,IN,"IN Core Free Shipping 2015/04/08 23-48-5-108",False,,
180,407-5875767-6399551,04-30-22,Shipped,Amazon,Amazon.in,Expedited,J0230,J0230-SKD-S,Set,S,B08XNJ19QH,Shipped,1,INR,1112.00,HYDERABAD,Telangana,500085.0,IN,,False,,
181,171-6336729-6763536,04-30-22,Cancelled,Amazon,Amazon.in,Expedited,SET345,SET345-KR-NP-M,Set,M,B09KXV4BN8,Unshipped,1,INR,626.00,BENGALURU,Karnataka,560037.0,IN,,False,,
182,404-3907920-5281963,04-30-22,Shipped,Amazon,Amazon.in,Expedited,JNE1233,JNE1233-BLUE-KR-031-XXL,kurta,XXL,B071VG5FH4,Shipped,1,INR,376.00,HYDERABAD,Telangana,500090.0,IN,"IN Core Free Shipping 2015/04/08 23-48-5-108",False,,
183,408-7310428-6047538,04-30-22,Shipped,Amazon,Amazon.in,Expedited,J0295,J0295-DR-M,"Western Dress",M,B099NP42BF,Shipped,1,INR,859.00,BENGALURU,Karnataka,560075.0,IN,"IN Core Free Shipping 2015/04/08 23-48-5-108",False,,
184,403-2608092-6065935,04-30-22,Shipped,Amazon,Amazon.in,Expedited,SET324,SET324-KR-NP-L,Set,L,B09NQ44RNV,Shipped,1,INR,597.00,MANGALURU,Karnataka,575001.0,IN,"IN Core Free Shipping 2015/04/08 23-48-5-108",False,,
185,404-9760385-9109154,04-30-22,Shipped,Amazon,Amazon.in,Expedited,JNE3371,JNE3371-KR-XL,kurta,XL,B07WV4JV4D,Shipped,1,INR,329.00,HYDERABAD,Telangana,500034.0,IN,,False,,
186,405-0732969-3941948,04-30-22,"Shipped - Delivered to Buyer",Merchant,Amazon.in,Standard,J0147,J0147-SET-XL,Set,XL,B091Z8TV5Q,Shipped,1,INR,583.00,"NEW TOWN","West Bengal",700059.0,IN,"Amazon PLCC Free-Financing Universal Merchant AAT-WNKTBO3K27EJC,Amazon PLCC Free-Financing Universal Merchant AAT-QX3UCCJESKPA2,Amazon PLCC Free-Financing Universal Merchant AAT-5QQ7BIYYQEDN2,Amazon PLCC Free-Financing Universal Merchant AAT-DSJ2QRXXWXVMQ,Amazon PLCC Free-Financing Universal Merchant AAT-CXJHMC2YJUK76,Amazon PLCC Free-Financing Universal Merchant AAT-CC4FAVTYR4X7C,Amazon PLCC Free-Financing Universal Merchant AAT-XXRCW6NZEPZI4,Amazon PLCC Free-Financing Universal Merchant AAT-EOKPWFWYW7Y6I,Amazon PLCC Free-Financing Universal Merchant AAT-ZYL5UPUNW6T62,Amazon PLCC Free-Financing Universal Merchant AAT-ETXQ3XXWMRXBG,Amazon PLCC Free-Financing Universal Merchant AAT-7X3XCTYG64VBE,Amazon PLCC Free-Financing Universal Merchant AAT-7CHGD3WTS3MHM,Amazon PLCC Free-Financing Universal Merchant AAT-26ZDKNME27X42,Amazon PLCC Free-Financing Universal Merchant AAT-4ZF5KN6E4LJK4,Amazon PLCC Free-Financing Universal Merchant AAT-7RCXIKUAX7DDY,Amazon PLCC Free-Financing Universal Merchant AAT-BRSZZ45H6MHAO,Amazon PLCC Free-Financing Universal Merchant AAT-MKLXOOZWQL7GO,Amazon PLCC Free-Financing Universal Merchant AAT-CB7UNXEXGIJTC,Amazon PLCC Free-Financing Universal Merchant #MP-gzasho-1593152694811,Amazon PLCC Free-Financing Universal Merchant AAT-WLBA4GZ52EAH4",False,"Easy Ship",
187,402-2720308-2560327,04-30-22,Shipped,Amazon,Amazon.in,Expedited,J0308,J0308-DR-L,"Western Dress",L,B099NS9KRN,Shipped,1,INR,665.00,MUMBAI,Maharashtra,400016.0,IN,,False,,
188,402-0589123-6183541,04-30-22,Shipped,Amazon,Amazon.in,Expedited,NW030,NW030-TP-PJ-L,Set,L,B09G2T795K,Shipped,1,INR,582.00,MUMBAI,Maharashtra,400016.0,IN,,False,,
189,408-3874942-9917143,04-30-22,Shipped,Amazon,Amazon.in,Expedited,SET360,SET360-KR-NP-XL,Set,XL,B09QJLG4DF,Shipped,1,INR,1126.00,SAMBHAL,"Uttar Pradesh",244302.0,IN,"IN Core Free Shipping 2015/04/08 23-48-5-108",False,,
190,402-1706149-0949104,04-30-22,Shipped,Amazon,Amazon.in,Expedited,PJNE3373,PJNE3373-KR-N-6XL,kurta,6XL,B09LD3TCYP,Shipped,1,INR,534.00,NAGPUR,Maharashtra,441002.0,IN,"IN Core Free Shipping 2015/04/08 23-48-5-108",False,,
191,407-1672316-3245939,04-30-22,Shipped,Amazon,Amazon.in,Expedited,JNE3449,JNE3449-KR-XXL,kurta,XXL,B08BF9DZ3F,Shipped,1,INR,319.00,ELAVANASURKOTTAI,"Tamil Nadu",607202.0,IN,"Duplicated A12RHGVGRWOT3S 1560498941486",False,,
192,405-1832646-7988329,04-30-22,Shipped,Amazon,Amazon.in,Expedited,JNE3786,JNE3786-KR-S,kurta,S,B09M72VK88,Shipped,1,INR,368.00,"SANGLI MIRAJ KUPWAD",Maharashtra,416410.0,IN,,False,,
193,408-9692204-9817146,04-30-22,Cancelled,Amazon,Amazon.in,Expedited,SET324,SET324-KR-NP-M,Set,M,B09NQ4NM75,Unshipped,1,INR,597.00,KALYAN,Maharashtra,421306.0,IN,,False,,
194,402-9339129-6219537,04-30-22,Cancelled,Amazon,Amazon.in,Expedited,J0003,J0003-SET-XXL,Set,XXL,B0894XKVH3,Unshipped,1,INR,654.00,MYSURU,Karnataka,570016.0,IN,,False,,
195,405-3036350-8089120,04-30-22,Shipped,Amazon,Amazon.in,Expedited,J0314,J0314-KR-M,kurta,M,B08PV1NB1B,Shipped,1,INR,795.00,ANKLESHWR,Gujarat,393002.0,IN,"IN Core Free Shipping 2015/04/08 23-48-5-108",False,,
196,404-6680046-0839536,04-30-22,"Shipped - Delivered to Buyer",Merchant,Amazon.in,Standard,J0341,J0341-DR-M,"Western Dress",M,B099NQQ79L,Shipped,1,INR,744.00,Chennai,"Tamil Nadu",600117.0,IN,"Amazon PLCC Free-Financing Universal Merchant AAT-WNKTBO3K27EJC,Amazon PLCC Free-Financing Universal Merchant AAT-QX3UCCJESKPA2,Amazon PLCC Free-Financing Universal Merchant AAT-5QQ7BIYYQEDN2,Amazon PLCC Free-Financing Universal Merchant AAT-DSJ2QRXXWXVMQ,Amazon PLCC Free-Financing Universal Merchant AAT-CXJHMC2YJUK76,Amazon PLCC Free-Financing Universal Merchant AAT-SL3Y2YRMAUNFC,Amazon PLCC Free-Financing Universal Merchant AAT-CC4FAVTYR4X7C,Amazon PLCC Free-Financing Universal Merchant AAT-XXRCW6NZEPZI4,Amazon PLCC Free-Financing Universal Merchant AAT-R7GXNZWISTRFA,Amazon PLCC Free-Financing Universal Merchant AAT-EOKPWFWYW7Y6I,Amazon PLCC Free-Financing Universal Merchant AAT-ZYL5UPUNW6T62,Amazon PLCC Free-Financing Universal Merchant AAT-ETXQ3XXWMRXBG,Amazon PLCC Free-Financing Universal Merchant AAT-7X3XCTYG64VBE,Amazon PLCC Free-Financing Universal Merchant AAT-7CHGD3WTS3MHM,Amazon PLCC Free-Financing Universal Merchant AAT-26ZDKNME27X42,Amazon PLCC Free-Financing Universal Merchant AAT-4ZF5KN6E4LJK4,Amazon PLCC Free-Financing Universal Merchant AAT-7RCXIKUAX7DDY,Amazon PLCC Free-Financing Universal Merchant AAT-TNYBHEAO7HOHO,Amazon PLCC Free-Financing Universal Merchant AAT-BRSZZ45H6MHAO,Amazon PLCC Free-Financing Universal Merchant AAT-MKLXOOZWQL7GO,Amazon PLCC Free-Financing Universal Merchant AAT-CB7UNXEXGIJTC,Amazon PLCC Free-Financing Universal Merchant #MP-gzasho-1593152694811,Amazon PLCC Free-Financing Universal Merchant AAT-WLBA4GZ52EAH4,Amazon PLCC Free-Financing Universal Merchant AAT-QMFZ3M7T5NPDS,Amazon PLCC Free-Financing Universal Merchant #MP-pmilan-1601980554292",False,"Easy Ship",
197,406-2966654-4672325,04-30-22,Shipped,Amazon,Amazon.in,Expedited,PJNE3068,PJNE3068-KR-4XL,kurta,4XL,B09M75YGQF,Shipped,1,INR,692.00,"Greater Noida West","Uttar Pradesh",201009.0,IN,,False,,
198,403-4845285-4565113,04-30-22,Shipped,Amazon,Amazon.in,Expedited,J0340,J0340-TP-M,Top,M,B0986XSXR1,Shipped,1,INR,563.00,JAMMU,"Jammu & Kashmir",180007.0,IN,"IN Core Free Shipping 2015/04/08 23-48-5-108",False,,
199,171-4496851-5319548,04-30-22,Shipped,Amazon,Amazon.in,Expedited,JNE3687,JNE3687-TU-M,Top,M,B0986XRZ8X,Shipped,1,INR,545.00,BENGALURU,Karnataka,560085.0,IN,,False,,
